번호,국가,제목,등록일자
1,일본,[정보요청서] 일본 해상자위대 차기 전자정보 수집항공기,2021-09-16
2,쿠웨이트,[정보요청서] 8년 미만 중고 유류지원함,2021-04-27
3,인도,[정보요청서] 155mm/52구경 자주포,2021-04-21
4,필리핀,"[해외방산시장동향] 필리핀, 방위산업단지 조성 예정",2021-03-26
5,미국,[정보요청서] 군용 야간투시경,2021-03-26
6,브라질,[정보요청서] 브라질 8×8 차륜형 장갑차 (105mm 이상 주포 장착),2021-03-22
7,미국,[정보요청서] 미국 육군 레이저 표적지시기,2021-02-18
8,페루,"[해외방산시장동향] 페루, 2021년 국방 예산 승인",2021-01-15
9,사우디아라비아,[해외입찰정보] 사우디 군용 컴퓨터 및 악세서리,2020-12-31
10,알제리,[해외입찰정보] 알제리 함정용 엔진,2020-12-31
11,방글라데시,[해외입찰정보] 방글라데시 전투기용 플레어&amp;체프,2020-12-31
12,방글라데시,[해외입찰정보] 방글라데시 비가연성 방탄조끼,2020-12-31
13,싱가포르,[해외입찰정보] 싱가포르 치누크용 부품,2020-12-31
14,태국,[해외입찰정보] 태국 견인 트럭 및 트레일러 차량,2020-12-31
15,폴란드,[해외입찰정보] 폴란드 방탄보호의,2020-12-31
16,폴란드,[해외입찰정보] 폴란드 탄약,2020-12-31
17,에스토니아,[해외입찰정보] 에스토니아 수류탄,2020-12-31
18,폴란드,[해외입찰정보] 폴란드 군용헬멧,2020-12-31
19,말레이시아,"[해외방산시장동향] 말레이시아, LCA/FLIT 프로그램 자금 지원 승인",2020-12-24
20,그리스,[해외입찰정보] 그리스 무인항공기,2020-12-24
21,독일,[해외입찰정보] 독일 개인 지원용 장구류,2020-12-24
22,스페인,[해외입찰정보] 스페인 군복,2020-12-24
23,아일랜드,[해외입찰정보] 아일랜드 군용 장갑차,2020-12-24
24,필리핀,[해외입찰정보] 필리핀 76mm 탄약,2020-12-24
25,사우디아라비아,"[해외방산시장동향] 사우디아라비아, 2021년 국방예산 삭감",2020-12-24
26,남아프리카공화국,[해외입찰정보] 남아프리카공화국 얼굴 인식 시스템,2020-12-24
27,방글라데시,[해외입찰정보] 방글라데시 전술 나이프,2020-12-24
28,싱가포르,[해외입찰정보] 싱가포르 A330용 부품,2020-12-24
29,싱가포르,[해외입찰정보] 싱가포르 F15용 배터리,2020-12-24
30,필리핀,[해외입찰정보] 필리핀 25mm 탄약,2020-12-24
31,체코,[해외입찰정보] 체코 화생방 방호복,2020-12-22
32,체코,[해외입찰정보] 체코 기관총,2020-12-22
33,독일,[해외입찰정보] 독일 장갑차,2020-12-22
34,스리랑카,[해외입찰정보] 스리랑카 저전압 전류 분배기,2020-12-21
35,칠레,[해외입찰정보] 칠레 타겟 및 정찰용 드론,2020-12-21
36,네팔,[해외입찰정보] 네팔 군복 원단,2020-12-21
37,방글라데시,[해외입찰정보] FM 무전기용 부품,2020-12-21
38,파키스탄,[해외입찰정보] 파키스탄 32배럴 샷건,2020-12-21
39,체코,[해외입찰정보] 체코 기관총,2020-12-14
40,체코,[해외입찰정보] 체코 화생방 방호의,2020-12-14
41,슬로바키아,[해외입찰정보] 슬로바키아 보호복,2020-12-14
42,독일,[해외입찰정보] 독일 장갑차,2020-12-14
43,브라질,[해외입찰정보] 브라질 9mm 권총,2020-12-11
44,남아프리카공화국,[해외입찰정보] 남아프리카공화국 탄약,2020-12-11
45,방글라데시,[해외입찰정보] 방글라데시 전술보안경,2020-12-11
46,싱가포르,[해외입찰정보] 싱가포르 F16용 부품,2020-12-11
47,필리핀,[해외입찰정보] 필리핀 25mm 탄약,2020-12-11
48,필리핀,[해외입찰정보] 필리핀 76mm 고폭약,2020-12-11
49,루마니아,[해외입찰정보] 루마니아 지휘 및 연락 차량,2020-12-07
50,프랑스,[해외입찰정보] 프랑스 군용 헬멧,2020-12-07
51,영국,[해외입찰정보] 영국 군복,2020-12-07
52,스페인,[해외입찰정보] 스페인 군용차량 부품,2020-12-07
53,방글라데시,[해외입찰정보] 방글라데시 대공화기 시뮬레이션 시스템,2020-12-04
54,태국,[해외입찰정보] 태국 샷건,2020-12-04
55,남아프리카공화국,[해외입찰정보] 남아프리카공화국 치안유지장비,2020-12-04
56,브라질,[해외입찰정보] 브라질 연막탄,2020-12-04
57,싱가포르,[해외입찰정보] 싱가포르 함정용 부품,2020-12-04
58,페루,[해외입찰정보] 싱가포르 F16용 부품,2020-12-04
59,루마니아,[해외입찰정보] 루마니아 권총,2020-11-27
60,싱가포르,[해외입찰정보] 싱가포르 F15용 부품,2020-11-27
61,싱가포르,[해외입찰정보] 싱가포르 A330용 부품,2020-11-27
62,페루,[해외입찰정보] 페루 치안유지장비,2020-11-27
63,몬테네그로,[해외입찰정보] 폴란드 군용차량 및 관련부품,2020-11-27
64,핀란드,[해외입찰정보] 핀란드 탄약통,2020-11-27
65,남아프리카공화국,[해외입찰정보] 남아프리카공화국 소총 등,2020-11-27
66,남아프리카공화국,[해외입찰정보] 남아프리카공화국 치안유지장비,2020-11-27
67,슬로베니아,[해외입찰정보] 슬로베니아 탄약 및 관련 부품,2020-11-27
68,불가리아,[해외입찰정보] 불가리아 개인용 장구류,2020-11-21
69,그리스,[해외입찰정보] 그리스 군용 위장자켓,2020-11-21
70,핀란드,[해외입찰정보] 핀란드 방탄조끼,2020-11-21
71,루마니아,[해외입찰정보] 루마니아 지휘 및 연락 차량,2020-11-21
72,싱가포르,[해외입찰정보] 싱가포르 F16부품,2020-11-20
73,싱가포르,[해외입찰정보] 싱가포르 A330용 부품,2020-11-20
74,태국,[해외입찰정보] 태국 샷건,2020-11-20
75,칠레,[해외입찰정보] 칠레 연습용 탄약,2020-11-20
76,말레이시아,[해외입찰정보] 말레이시아 전자 사격 시스템,2020-11-20
77,방글라데시,[해외입찰정보] 방글라데시 윤활유,2020-11-20
78,스페인,[해외입찰정보] 스페인 소형화기,2020-11-13
79,폴란드,[해외입찰정보] 폴란드 155mm 시험용 탄약,2020-11-13
80,덴마크,[해외입찰정보] 덴마크 4륜구동 차량,2020-11-13
81,방글라데시,[해외입찰정보] 방글라데시 유류저장통,2020-11-13
82,방글라데시,[해외입찰정보] 방글라데시 발전기,2020-11-13
83,칠레,[해외입찰정보] 칠레 가상 슈팅 시스템,2020-11-13
84,콜롬비아,[해외입찰정보] 콜롬비아 샷건용 탄약,2020-11-13
85,벨기에,[해외입찰정보] 벨기에 탄약,2020-11-13
86,싱가포르,[해외입찰정보] 싱가포르 치누크용 부품,2020-11-13
87,콩고,[해외입찰정보] 콩고 장갑 수송차,2020-11-13
88,이탈리아,[해외입찰정보] 이탈리아 화생방 의복,2020-11-06
89,이탈리아,[해외입찰정보] 이탈리아 군용항공기,2020-11-06
90,키프로스,[해외입찰정보] 키프로스 4륜구동차량,2020-11-06
91,프랑스,[해외입찰정보] 프랑스 군함용 부품,2020-11-06
92,남아프리카공화국,[해외입찰정보] 남아프리카공화국 소총,2020-10-30
93,독일,[해외입찰정보] 독일 군함용 엔진 및 부품,2020-10-30
94,그리스,[해외입찰정보] 그리스 함정용 엔진 및 부품,2020-10-30
95,루마니아,[해외입찰정보] 루마니아 미사일,2020-10-30
96,가나,[해외입찰정보] 가나 치안유지 장비,2020-10-30
97,오스트리아,[해외입찰정보] 오스트리아 탄약,2020-10-30
98,벨기에,"[해외입찰정보] 벨기에 무기, 탄약 및 관련부품",2020-10-30
99,페루,[해외입찰정보] 페루 의류 악세서리,2020-10-30
100,필리핀,[해외입찰정보] 필리핀 수류탄,2020-10-30
101,필리핀,[해외입찰정보] 필리핀 40mm 유탄발사기,2020-10-30
102,싱가포르,[해외입찰정보] 싱가포르 치누크용 부품,2020-10-30
103,슬로바키아,[해외입찰정보] 슬로바키아 화생방 방호복,2020-10-30
104,독일,[해외입찰정보] 독일 군사전자시스템,2020-10-23
105,방글라데시,[해외입찰정보] 방글라데시 C130J용 항전장비,2020-10-23
106,필리핀,[해외입찰정보] 필리핀 14.5mm 탄약,2020-10-23
107,필리핀,[해외입찰정보] 필리핀 저격소총,2020-10-23
108,싱가포르,[해외입찰정보] 싱가포르 C130용 부품,2020-10-23
109,싱가포르,[해외입찰정보] 싱가포르 치누크용 부품,2020-10-23
110,영국,[해외입찰정보] 영국 전투 시뮬레이터,2020-10-23
111,프랑스,[해외입찰정보] 프랑스 군함용 부품,2020-10-23
112,폴란드,[해외입찰정보] 폴란드 탄약,2020-10-23
113,영국,[해외입찰정보] 영국 총기,2020-10-23
114,그리스,[해외입찰정보] 그리스 군함용 엔진 및 엔진부품,2020-10-23
115,싱가포르,[방산시장동향] 싱가포르 함정용 부품,2020-10-16
116,싱가포르,[해외입찰정보] 싱가포르 F16용 부품,2020-10-16
117,필리핀,[해외입찰정보] 필리핀 수류탄,2020-10-16
118,루마니아,[해외입찰정보] 루마니아 지휘 및 연락 차량,2020-10-16
119,스페인,[해외입찰정보] 스페인 기타무기,2020-10-16
120,남아프리카공화국,[해외입찰정보] 남아공 훈련용 타겟,2020-10-16
121,루마니아,[해외입찰정보] 루마니아 총기 및 탄약,2020-10-16
122,그리스,[해외입찰정보] 그리스 군함용 엔진 및 엔진부품,2020-10-16
123,노르웨이,[해외입찰정보] 노르웨이 보트,2020-10-16
124,프랑스,[해외입찰정보] 프랑스 긴급대응차량,2020-10-16
125,영국,"[해외입찰정보] 영국 무기, 탄약 및 관련 부품",2020-10-09
126,그리스,[해외입찰정보] 그리스 쌍안경,2020-10-09
127,프랑스,[해외입찰정보] 프랑스 안테나 및 반사경,2020-10-09
128,아일랜드,[해외입찰정보] 아일랜드 방탄복,2020-10-09
129,영국,"[해외입찰정보] 영국 경찰용 무기, 탄약 및 관련 부품",2020-10-09
130,마케도니아,[해외입찰정보] 북마케도니아 방탄조끼,2020-10-09
131,필리핀,[해외입찰정보] 필리핀 7.62mm 탄약,2020-10-08
132,스리랑카,[해외입찰정보] 스리랑카 컴프레셔,2020-10-08
133,필리핀,[해외입찰정보] 필리핀 38mm 탄약,2020-10-08
134,남아프리카공화국,[해외입찰정보] 남아공 개인용 권총집 등,2020-10-08
135,필리핀,[해외입찰정보] 필리핀 샷건 및 권총,2020-10-08
136,싱가포르,[해외입찰정보] 싱가포르 함정용 부품,2020-10-08
137,스리랑카,[해외입찰정보] 스리랑카 탄약,2020-09-29
138,브라질,[해외입찰정보] 브라질 105mm 고폭약,2020-09-29
139,노르웨이,[해외입찰정보] 노르웨이 군복,2020-09-29
140,그리스,[해외입찰정보] 그리스 무인항공기,2020-09-29
141,루마니아,[해외입찰정보] 루마니아 방호복,2020-09-29
142,싱가포르,[해외입찰정보] 싱가포르 함정용 부품,2020-09-25
143,에스토니아,[해외입찰정보] 에스토니아 탄약,2020-09-25
144,독일,[해외입찰정보] 독일 전투복,2020-09-25
145,벨기에,[해외입찰정보] 벨기에 정찰 및 순찰차량,2020-09-25
146,영국,[해외입찰정보] 영국 무인항공기,2020-09-25
147,남아프리카공화국,[해외입찰정보] 남아프리카공화국 5.56mm 탄약 등,2020-09-25
148,이탈리아,[해외입찰정보] 이탈리아 군함용 엔진 및 엔진부품,2020-09-25
149,싱가포르,[해외입찰정보] 싱가포르 치누크용 부품,2020-09-25
150,스리랑카,[해외입찰정보] 스리랑카 화재감지시스템,2020-09-25
151,방글라데시,[해외입찰정보] 방글라데시 군용 허리띠,2020-09-25
152,말레이시아,[해외입찰정보] 말레이시아 5.56mm 소총 및 악세서리,2020-09-25
153,영국,[해외입찰정보] 영국 전차용 전투 시뮬레이터,2020-09-25
154,프랑스,"[해외입찰정보] 프랑스 무기, 탄약 및 관련부품",2020-09-18
155,그리스,[해외입찰정보] 그리스 무인항공기,2020-09-18
156,영국,[해외입찰정보] 영국 군용차량 관련부품,2020-09-18
157,독일,[해외입찰정보] 독일 개인용 장구류,2020-09-18
158,독일,[해외입찰정보] 독일 지휘통제차량,2020-09-18
159,스페인,[해외입찰정보] 스페인 군함용 엔진부품,2020-09-18
160,네팔,[해외입찰정보] 네팔 무장경찰용 경찰복,2020-09-18
161,싱가포르,[해외입찰정보] 싱가포르 함정용 부품,2020-09-18
162,싱가포르,[해외입찰정보] 싱가포르 F16용 부품,2020-09-18
163,칠레,[해외입찰정보] 칠레 개인용 침구류,2020-09-18
164,필리핀,[해외입찰정보] 필리핀 40mm 고폭약,2020-09-18
165,필리핀,[해외입찰정보] 필리핀 5.56mm 소총,2020-09-18
166,이탈리아,[해외입찰정보]이탈리아 군용차량 예비부품,2020-09-11
167,체코,[해외입찰정보]체코 방호복,2020-09-11
168,불가리아,"[해외입찰정보]불가리아 정보, 감시, 표적 획득 및 정찰",2020-09-11
169,네팔,"[해외입찰정보] 네팔 무장경찰용 경찰화, 경찰복 등",2020-09-11
170,스리랑카,[해외입찰정보] 사막 위장용 군복 소재,2020-09-11
171,레바논,[해외입찰정보] 레바논 소총 및 악세서리,2020-09-11
172,핀란드,[해외입찰정보]소형화기용 탄약,2020-09-11
173,독일,[해외입찰정보]독일 탄약,2020-09-11
174,방글라데시,[해외입찰정보] 방글라데시 고무보트,2020-09-11
175,방글라데시,[해외입찰정보] 방글라데시 폴리아미드 로프,2020-09-11
176,이탈리아,[해외입찰정보] 이탈리아 군용차량 예비부품,2020-09-11
177,체코,[해외입찰정보] 체코 방호복,2020-09-11
178,독일,[해외입찰정보] 독일 탄약,2020-09-11
179,핀란드,[해외입찰정보] 핀란드 소형화기용 탄약,2020-09-11
180,폴란드,[해외입찰정보] 폴란드 군용 헬멧,2020-09-11
181,불가리아,"[해외입찰정보] 불가리아 정보, 감시, 표적 획득 및 정찰",2020-09-11
182,폴란드,[해외입찰정보]폴란드 군용 헬멧,2020-09-11
183,콜롬비아,[해외입찰정보] 콜롬비아 5.56mm 탄약,2020-09-04
184,싱가포르,[해외방산시장동향] 싱가포르 함정용 부품,2020-09-04
185,폴란드,[해외입찰정보] 폴란드 탄약,2020-09-04
186,싱가포르,[해외입찰정보] 아파치(AH-64D)용 부품,2020-09-04
187,칠레,[해외입찰정보] 칠레 훈련용 타겟,2020-09-04
188,페루,[해외입찰정보] 페루 샷건,2020-09-04
189,싱가포르,[해외입찰정보] 싱가포르 A330용 부품,2020-09-04
190,리투아니아,[해외입찰정보] 리투아니아 방독면,2020-09-04
191,영국,[해외입찰정보] 영국 전투함 및 관련부품,2020-09-04
192,슬로베니아,[해외입찰정보] 슬로베니아 보호용 장비,2020-09-04
193,독일,[해외입찰정보] 독일 군용차량 관련부품,2020-09-04
194,마케도니아,[해외입찰정보] 북마케도니아 군용 화기 및 전쟁용 탄약,2020-09-04
195,독일,[해외입찰정보] 독일 전투복,2020-08-31
196,폴란드,[해외입찰정보] 폴란드 군복,2020-08-31
197,덴마크,[해외입찰정보] 덴마크 4륜구동차량,2020-08-31
198,폴란드,[해외입찰정보] 폴란드 전자전시스템 및 대응장비,2020-08-31
199,그리스,[해외입찰정보] 그리스 군함용 엔진 및 엔진부품,2020-08-31
200,영국,[해외입찰정보] 영국 군용차량 관련부품,2020-08-31
201,싱가포르,[해외입찰정보] 싱가포르 F16부품,2020-08-28
202,싱가포르,[해외입찰정보] 싱가포르 함정용 부품,2020-08-28
203,싱가포르,[해외입찰정보] 싱가포르 치누크(CH-47)용 부품,2020-08-28
204,필리핀,[해외입찰정보] 필리핀 훈련용 탄약,2020-08-28
205,필리핀,[해외입찰정보] 필리핀 12게이지 샷건,2020-08-28
206,불가리아,[해외입찰정보] 불가리아 개인용 장구류,2020-08-24
207,루마니아,[해외입찰정보] 루미나아 화생방 방호장비,2020-08-24
208,영국,[해외입찰정보] 영국 군용차량관련부품,2020-08-24
209,이탈리아,[해외입찰정보] 이탈리아 기타무기(Miscellaneous weapon),2020-08-24
210,체코,[해외입찰정보] 체코 군용차량부품,2020-08-24
211,루마니아,"[해외입찰정보] 루마니아 지휘, 통제, 통신 및 컴퓨터 시스템",2020-08-24
212,싱가포르,[해외입찰정보] 싱가포르 항공기 표지기호,2020-08-21
213,필리핀,[해외입찰정보] 필리핀 Cal. 45 권총용 탄약,2020-08-21
214,필리핀,[해외입찰정보] 필리핀 9mm 탄약,2020-08-21
215,싱가포르,[해외입찰정보] 싱가포르 함정용 부식방지제,2020-08-21
216,싱가포르,[해외입찰정보] 싱가포르 C130용 안티락 센서,2020-08-21
217,남아프리카공화국,[해외입찰정보] 남아프리카공화국 9mm 탄약,2020-08-21
218,스페인,[해외입찰정보] 스페인 개인용 장구류,2020-08-14
219,에스토니아,[해외입찰정보] 에스토니아 수류탄,2020-08-14
220,네덜란드,[해외입찰정보] 네덜란드 무인항공기,2020-08-14
221,싱가포르,[해외입찰정보] 싱가포르 아파치(AH-64)부품,2020-08-14
222,영국,[해외입찰정보] 영국 잠수함,2020-08-14
223,폴란드,"[해외입찰정보] 폴란드 총기, 탄약 및 관련 부품",2020-08-14
224,남아프리카공화국,[해외입찰정보] 남아공 12게이지 탄약,2020-08-14
225,싱가포르,[해외입찰정보] 싱가포르 F16부품,2020-08-14
226,싱가포르,[해외입찰정보] 싱가포르 함정용 부품,2020-08-14
227,필리핀,[해외입찰정보] 필리핀 5.56mm 탄약,2020-08-14
228,필리핀,[해외입찰정보] 필리핀 7.62mm 탄약 등,2020-08-14
229,체코,[해외입찰정보] 체코 전투장비,2020-08-09
230,그리스,[해외입찰정보] 그리스 전투복,2020-08-09
231,스웨덴,[해외입찰정보] 스웨덴 탄약,2020-08-09
232,폴란드,[해외입찰정보] 폴란드 유탄발사기,2020-08-09
233,벨기에,"[해외입찰정보] 벨기에 총기, 탄약 및 관련부품",2020-08-09
234,포르투갈,"[해외입찰정보] 포르투갈 총기, 탄약 및 관련부품",2020-08-09
235,필리핀,[해외입찰정보] 필리핀 돌격소총,2020-08-07
236,필리핀,[해외입찰정보] 필리핀 9mm 탄약,2020-08-07
237,필리핀,[해외입찰정보] 필리핀 샷건,2020-08-07
238,싱가포르,[해외입찰정보] 싱가포르 F15부품,2020-08-07
239,싱가포르,[해외입찰정보] 싱가포르 F16 부품,2020-08-07
240,콜롬비아,[해외입찰정보] 콜롬비아 치안유지용 샷건,2020-08-07
241,리투아니아,[해외입찰정보] 리투아니아 경찰제복,2020-07-31
242,영국,[해외입찰정보] 영국 군용차량부품,2020-07-31
243,폴란드,[해외입찰정보] 폴란드 군용헬멧,2020-07-31
244,벨기에,[해외입찰정보] 벨기에 병력수송장갑차,2020-07-31
245,리투아니아,[해외입찰정보] 리투아니아 방독면,2020-07-31
246,말레이시아,[해외입찰정보] 말레이시아 치안유지용 전기충격총,2020-07-31
247,폴란드,[해외입찰정보] 폴란드 전투복,2020-07-31
248,싱가포르,[해외입찰정보] 싱가포르 함정용 부품,2020-07-31
249,싱가포르,[해외입찰정보] 싱가포르 A330용 부품,2020-07-31
250,브라질,[해외입찰정보] 브라질 탄약,2020-07-31
251,필리핀,[해외입찰정보] 필리핀 9mm 탄약,2020-07-31
252,필리핀,[해외입찰정보] 필리핀 돌격소총,2020-07-31
253,필리핀,[해외입찰정보] 필리핀 순찰용보트,2020-07-31
254,파키스탄,[해외입찰정보] 중형 총탄 &amp; 그 구성품(40mm-106mm),2020-07-24
255,필리핀,[해외입찰정보] 필리핀 탄약,2020-07-24
256,필리핀,[해외입찰정보] 필리핀 권총 및 산탄총 탄약,2020-07-24
257,필리핀,[해외입찰정보] 필리핀 120mm 고폭탄,2020-07-24
258,이탈리아,[해외입찰정보] 이탈리아 방호복,2020-07-24
259,인도,[해외입찰정보] 인도 지상고도 30mm HE탄,2020-07-24
260,인도,[해외입찰정보] 인도 해군학교 10M 소총 및 권총 타겟 외,2020-07-24
261,인도,[해외입찰정보] 155mm M-107 표준탄피,2020-07-24
262,벨기에,"[해외입찰정보] 벨기에 무기, 탄약 및 관련 부품",2020-07-24
263,에스토니아,[해외입찰정보] 에스토니아 경화기 부품,2020-07-24
264,폴란드,[해외입찰정보] 폴란드 전투복,2020-07-24
265,루마니아,[해외입찰정보] 루마니아 지휘연락차량,2020-07-24
266,스페인,[해외입찰정보] 스페인 방탄조끼,2020-07-24
267,스위스,[해외입찰정보] 스위스 방호장비,2020-07-20
268,포르투갈,[해외입찰정보] 포르투갈 코르벳함과 순찰선,2020-07-20
269,스웨덴,"[해외입찰정보] 스웨덴 보안, 소방, 경찰 및 방위 장구류",2020-07-20
270,포르투갈,[해외입찰정보] 포르투갈 군복,2020-07-20
271,프랑스,[해외입찰정보] 프랑스 군용 제트스키 및 부품,2020-07-20
272,핀란드,[해외입찰정보] 핀란드 전투기용 탄약,2020-07-20
273,오만,[해외입찰정보] 오만 육군 훈련용 표적,2020-07-17
274,싱가포르,[해외입찰정보] 싱가포르 F15 부품,2020-07-17
275,필리핀,[해외입찰정보] 5.56mm 탄약,2020-07-17
276,브라질,[해외입찰정보] 브라질 탄약,2020-07-17
277,싱가포르,[해외입찰정보] 싱가포르 F16 부품,2020-07-17
278,싱가포르,[해외입찰정보] 싱가포르 치누크 부품,2020-07-17
279,싱가포르,[해외입찰정보] 싱가포르 A330용 부품,2020-07-17
280,싱가포르,[해외입찰정보] 싱가포르 치누크 부품,2020-07-10
281,스페인,[해외입찰정보] 스페인 레이더,2020-07-10
282,독일,[해외입찰정보] 독일 개인용 장구류,2020-07-10
283,스페인,[해외입찰정보] 스페인 방탄조끼,2020-07-10
284,체코,[해외입찰정보] 체코 총기,2020-07-10
285,칠레,[해외입찰정보] 칠레 치안유지용 샷건,2020-07-10
286,필리핀,[해외입찰정보] 필리핀 9mm 탄약 등,2020-07-10
287,싱가포르,[해외입찰정보] 싱가포르 함정용 부품,2020-07-10
288,핀란드,[해외입찰정보] 핀란드 무인항공기,2020-07-10
289,브라질,[해외입찰정보] 브라질 경찰용 9mm 권총,2020-07-10
290,그리스,[해외입찰정보] 그리스 감시·보안 시스템 및 장비,2020-07-10
291,싱가포르,[해외입찰정보] 싱가포르 F16부품,2020-07-03
292,싱가포르,[해외입찰정보] 싱가포르 C130용 부품,2020-07-03
293,필리핀,[해외입찰정보] 필리핀 M16용 탄창,2020-07-03
294,스리랑카,[해외입찰정보] 스리랑카 가죽 경찰화,2020-07-03
295,노르웨이,[해외입찰정보] 노르웨이 군함용 엔진부품,2020-07-03
296,필리핀,[해외입찰정보] 필리핀 M193 탄약,2020-07-03
297,필리핀,[해외입찰정보] 필리핀 5.56mm 탄약 등,2020-07-03
298,필리핀,[해외입찰정보] 필리핀 9mm 권총,2020-07-03
299,독일,[해외입찰정보] 독일 탄약통,2020-07-03
300,스페인,[해외입찰정보] 스페인 경찰용 탄약,2020-07-03
301,스페인,[해외입찰정보] 스페인 방탄복,2020-07-03
302,이탈리아,[해외입찰정보] 이탈리아 군용 항공 우주 장비 부속품,2020-07-03
303,폴란드,[해외입찰정보] 폴란드 군복,2020-07-03
304,네팔,[해외입찰정보] 네팔 치안유지장비,2020-06-26
305,싱가포르,[해외입찰정보] 싱가포르 치누크용 부품,2020-06-26
306,필리핀,[해외입찰정보] 필리핀 9mm 탄약,2020-06-26
307,네덜란드,[해외입찰정보] 네덜란드 커뮤니케이션 네트워크 시스템 및 장비,2020-06-26
308,독일,[해외입찰정보] 독일 탄약,2020-06-26
309,싱가포르,[해외입찰정보] 싱가포르 F16 부품,2020-06-26
310,포르투갈,"[해외입찰정보] 포르투갈 군용 총기, 탄약 및 관련 부품",2020-06-26
311,필리핀,[해외입찰정보] 필리핀 12게이지 샷건 탄약 등,2020-06-26
312,필리핀,[해외입찰정보] 필리핀 치안유지용 돌격소총,2020-06-26
313,필리핀,[해외입찰정보] 필리핀 탄창,2020-06-26
314,슬로베니아,[해외입찰정보] 슬로베니아 미사일,2020-06-26
315,에스토니아,[해외입찰정보] 에스토니아 군용차량 부품 및 구성품,2020-06-26
316,폴란드,[해외입찰정보] 폴란드 전자 사격 표적 장치,2020-06-26
317,방글라데시,[해외입찰정보] 치안유지용 수갑,2020-06-19
318,인도,[해외입찰정보] 육군 저격용 12.7mm 탄약,2020-06-19
319,싱가포르,[해외입찰정보] 싱가포르 해군 함정용 부품,2020-06-19
320,싱가포르,[해외입찰정보] 싱가포르 항공기용 부품,2020-06-19
321,싱가포르,[해외입찰정보] 싱가포르 F15 부품,2020-06-19
322,필리핀,[해외입찰정보] 필리핀 코브라(AH-1S)용 20mm 탄약,2020-06-19
323,스웨덴,[해외입찰정보] 스웨덴 소형 화기,2020-06-19
324,크로아티아,[해외입찰정보] 크로아티아 감시·보안 시스템 및 장비,2020-06-19
325,스페인,[해외입찰정보] 스페인 전투화,2020-06-19
326,필리핀,[해외입찰정보] 필리핀 군용 총기 멜빵,2020-06-19
327,이탈리아,[해외입찰정보] 이탈리아 함정용엔진,2020-06-19
328,핀란드,[해외입찰정보] 핀란드 전투복,2020-06-19
329,폴란드,[해외입찰정보] 폴란드 전투복,2020-06-19
330,마케도니아,[해외입찰정보] 북마케도니아 베레모,2020-06-13
331,루마니아,[해외입찰정보] 루마니아 군복,2020-06-13
332,스페인,[해외입찰정보] 스페인 방탄복,2020-06-13
333,스페인,[해외입찰정보] 스페인 방탄헬멧 위장피,2020-06-13
334,이탈리아,[해외입찰정보] 이탈리아 정찰기,2020-06-13
335,포르투갈,[해외입찰정보] 포르투갈 군복,2020-06-13
336,필리핀,[해외입찰정보] 필리핀 경찰용 9mm 탄약,2020-06-12
337,필리핀,[해외입찰정보] 필리핀 경찰용 5.56mm 탄약,2020-06-12
338,싱가포르,[해외입찰정보] 싱가포르 F16 부품,2020-06-12
339,싱가포르,[해외입찰정보] 싱가포르 치누크용 부품,2020-06-12
340,방글라데시,[해외입찰정보] 방글라데시 공항 치안유지용 샷건,2020-06-12
341,남아프리카공화국,[해외입찰정보] 남아프리카공화국 치안 유지용 9mm 권총,2020-06-12
342,에스토니아,[해외입찰정보] 에스토니아 수류탄,2020-06-05
343,필리핀,[해외입찰정보] 필리핀 시험용 5.56mm 소총,2020-06-05
344,포르투갈,[해외입찰정보] 포르투갈 군복,2020-06-05
345,슬로베니아,"[해외입찰정보] 슬로베니아 의료장비, 의약품 및 개인관리 제품",2020-06-05
346,체코,[해외입찰정보] 체코 전투 유니폼,2020-06-05
347,폴란드,[해외입찰정보] 폴란드 경찰용 탄약,2020-06-05
348,폴란드,[해외입찰정보] 폴란드 방독면,2020-06-05
349,싱가포르,[해외입찰정보] 항공기용 부품,2020-06-05
350,필리핀,[해외입찰정보] 필리핀 시험용 Caliber 45 권총,2020-06-05
351,스리랑카,[해외입찰정보] 스리랑카 군용 다목적 4×4 차량,2020-06-05
352,인도,[해외입찰정보] 인도 실험용 직류 서플라이,2020-06-05
353,싱가포르,[해외입찰정보] 싱가포르 함정용 부품,2020-06-05
354,싱가포르,[해외입찰정보] F16 부품,2020-06-05
355,태국,태국 국방조달시장 분석,2020-06-02
356,인도네시아,인도네시아 국방조달시장 분석,2020-06-02
357,필리핀,[해외입찰정보] 필리핀 30mm 고폭약,2020-05-29
358,방글라데시,[해외입찰정보] 방글라데시 훈련기 터보프롭 엔진,2020-05-29
359,태국,[해외입찰정보] 태국 샷건,2020-05-29
360,싱가포르,[해외입찰정보] 싱가포르 함정 수리용 부속,2020-05-29
361,독일,[해외입찰정보] 독일 탄약,2020-05-29
362,싱가포르,[해외입찰정보] 싱가포르 함정 압력센서,2020-05-29
363,싱가포르,[해외입찰정보] 싱가포르 훈련용 시청각 시스템,2020-05-29
364,싱가포르,[해외입찰정보] 싱가포르 F16 부품,2020-05-29
365,스페인,[해외입찰정보] 스페인 지휘 및 정찰 차량,2020-05-29
366,독일,[해외입찰정보] 독일 폭탄,2020-05-29
367,폴란드,"[해외입찰정보] 폴란드 총기,탄약 및 관련 부품",2020-05-29
368,리투아니아,[해외입찰정보] 리투아니아 전투 시뮬레이터,2020-05-29
369,스웨덴,[해외입찰정보] 스웨덴 탄약,2020-05-29
370,모로코,"[해외방산시장동향] 모로코, 지상대공미사일 구매 관련 BNP Paribas와 수출금융 계약",2020-05-29
371,독일,[해외입찰정보] 독일 방탄조끼,2020-05-22
372,인도,[해외입찰정보] 인도 실험용 풍향 테스트 카메라,2020-05-22
373,필리핀,[해외입찰정보] 인도 연구용 고순도 실리콘,2020-05-22
374,필리핀,[해외입찰정보] 필리핀 경찰용 호송용 차량,2020-05-22
375,루마니아,[해외입찰정보] 루마니아 지휘 및 연락 차량,2020-05-22
376,체코,[해외입찰정보] 체코 군용 헬멧,2020-05-22
377,체코,[해외입찰정보] 체코 전투 시뮬레이터,2020-05-22
378,독일,[해외입찰정보] 독일 특수전 차량,2020-05-22
379,포르투갈,[해외입찰정보] 포르투갈 군복,2020-05-22
380,칠레,[해외입찰정보] 특수기동대 전술 헬멧,2020-05-22
381,파라과이,[해외입찰정보] 파라과이 치안유지용 방패,2020-05-22
382,방글라데시,[해외입찰정보] 방글라데시 육군 훈련탄,2020-05-22
383,방글라데시,[해외입찰정보] 방글라데시 항공기 발연기,2020-05-22
384,베트남,[해외입찰정보] 베트남 문서 보존용 종이,2020-05-22
385,몰타,[해외입찰정보] 몰타 개인용 보호장비,2020-05-18
386,이탈리아,[해외입찰정보] 이탈리아 군용 탄약,2020-05-18
387,스페인,[해외입찰정보] 스페인 작업복,2020-05-18
388,스페인,[해외입찰정보] 스페인 방호복,2020-05-18
389,라트비아,[해외입찰정보] 라트비아 개인용 장구류,2020-05-18
390,프랑스,[해외입찰정보] 프랑스 비디오 감시 시스템,2020-05-18
391,필리핀,[해외입찰정보] 필리핀 해군 25mm 탄약,2020-05-15
392,필리핀,[해외입찰정보] 필리핀 해군 76mm 탄약,2020-05-15
393,필리핀,[해외입찰정보] 필리핀 치안유지용 수갑,2020-05-15
394,싱가포르,[해외입찰정보] 싱가포르 실험용 공기 포집기,2020-05-15
395,네팔,[해외입찰정보] 네팔 치안유지장비,2020-05-15
396,필리핀,[해외입찰정보] 필리핀 경찰용 9mm 탄약,2020-05-15
397,필리핀,[해외입찰정보] 필리핀 해군 선체부착기뢰,2020-05-15
398,브라질,"[해외입찰정보] 브라질 치얀유지용 샷건, 화염방사기 등",2020-05-08
399,인도네시아,[해외방산시장동향] 인도네시아의 방산업체 군수품 관련 계약 지연 지적,2020-05-08
400,필리핀,[해외입찰정보] 필리핀 경찰용 5.56mm 탄창,2020-05-08
401,독일,[해외입찰정보] 독일 병력 수송 장갑차,2020-05-08
402,필리핀,[해외입찰정보] 필리핀 경찰용 5.56mm 탄약,2020-05-08
403,싱가포르,[해외방산시장동향] 싱가포르 공군 비행복,2020-05-08
404,싱가포르,[해외입찰정보] 싱가포르 함정 수리용 부속,2020-05-08
405,인도,[해외입찰정보] 인도 위장용 더미 탱크,2020-05-08
406,포르투갈,[해외입찰정보] 포르투갈 군복,2020-05-08
407,독일,[해외입찰정보] 독일 전투 장비,2020-05-08
408,폴란드,[해외입찰정보] 폴란드 군용 헬멧,2020-05-08
409,오스트리아,[해외입찰정보] 오스트리아 탄약,2020-05-08
410,불가리아,[해외입찰정보] 폴란드 방독면,2020-05-08
411,방글라데시,[해외입찰정보] 방글라데시 군 통신용 광케이블,2020-04-29
412,필리핀,[해외입찰정보] 필리핀 마닐라 치안유지용 5.56mm 탄약,2020-04-29
413,필리핀,[해외입찰정보] 필리핀 마닐라 치안유지용 5.56mm 소총,2020-04-29
414,필리핀,[해외입찰정보] 필리핀 마닐라 치안유지용 45구경 소총,2020-04-29
415,필리핀,"[해외입찰정보] 필리핀 지방정부 치안유지용 탄약, 귀마개, 표적",2020-04-29
416,스웨덴,"[해외입찰정보] 스웨덴 보안, 소방, 경찰 및 방위 장구류(경찰용 헬멧)",2020-04-29
417,방글라데시,[해외입찰정보] 방글라데시 해군 훈련용 시뮬레이터,2020-04-29
418,방글라데시,[해외입찰정보] 방글라데시 공군용 야간투시경,2020-04-29
419,벨기에,[해외입찰정보] 벨기에 경찰 제복,2020-04-29
420,그리스,[해외입찰정보] 그리스 함정용 엔진 및 부품,2020-04-29
421,필리핀,"[해외입찰정보] 필리핀 지방정부 치안유지용 탄약(5.56mm, 9mm, 40mm 등)",2020-04-29
422,불가리아,[해외입찰정보] 불가리아 군함용 부품,2020-04-29
423,슬로베니아,"[해외입찰정보] 슬로베니아 보안, 소방, 경찰 및 방위 장구류(개인 보호 장구)",2020-04-29
424,이탈리아,"[해외입찰정보] 이탈리아 피복, 신발, 수하물 및 부속품",2020-04-29
425,영국,[해외입찰정보] 영국 기관총,2020-04-27
426,리투아니아,[해외입찰정보] 리투아니아 경찰 유니폼,2020-04-27
427,필리핀,[해외입찰정보] 필리핀 경찰용 M4 소총,2020-04-24
428,파키스탄,[해외입찰정보] 파키스탄 76mm 함포,2020-04-24
429,파키스탄,[해외입찰정보] 파키스탄 해군 훈련용 클레이 사격 시스템,2020-04-24
430,방글라데시,[해외입찰정보] 방글라데시 항공기용 23mm AP탄,2020-04-24
431,방글라데시,[해외입찰정보] 방글라데시 항공기용 기관포,2020-04-24
432,방글라데시,[해외입찰정보] 방글라데시 공군용 폭발물처리반 차량,2020-04-24
433,독일,[해외입찰정보] 독일 전자 사격 표적 장치,2020-04-24
434,체코,[해외입찰정보] 체코 탄약,2020-04-24
435,포르투갈,[해외입찰정보] 포르투갈 방호장비,2020-04-24
436,덴마크,[해외입찰정보] 덴마크 방독면,2020-04-24
437,우크라이나,[해외입찰정보] 우크라이나 군용 모자,2020-04-17
438,싱가포르,[해외입찰정보] 싱가포르 해군 함정용 액츄에이터,2020-04-17
439,방글라데시,[해외입찰정보] 해군 정비용 오버헤드 크레인,2020-04-17
440,브라질,[해외입찰정보] 교도관용 12게이지 샷건,2020-04-17
441,독일,[해외입찰정보] 독일 총기 및 탄약 관련 부품,2020-04-17
442,인도,[해외입찰정보] 군차량 패널용 고압력센서,2020-04-17
443,인도,[해외입찰정보] 인도 TBRL(Terminal Ballistic Research Laboratory) 연구용 고전압 축전지,2020-04-17
444,인도,[해외입찰정보] 인도 군 차량용 공기 저장기,2020-04-17
445,스웨덴,[해외입찰정보] 스웨덴 훈련용 비행기,2020-04-17
446,폴란드,[해외입찰정보] 폴란드 군용차량,2020-04-17
447,그리스,[해외입찰정보] 그리스 함정용 엔진 및 엔진 부품,2020-04-17
448,체코,[해외입찰정보] 체코 전자 사격 표적 장치,2020-04-17
449,폴란드,[해외입찰정보] 폴란드 군용 전투복,2020-04-17
450,포르투갈,[해외입찰정보] 포르투갈 초계함 및 순찰보트,2020-04-10
451,라트비아,[해외입찰정보] 라트비아 군복(우의),2020-04-10
452,헝가리,[해외입찰정보] 헝가리 군용 권총 탄약,2020-04-10
453,독일,[해외입찰정보] 독일 경찰 방탄조끼,2020-04-10
454,네덜란드,[해외입찰정보] 네덜란드 해상감시 레이더,2020-04-10
455,필리핀,[해외입찰정보] 필리핀 9mm 권총탄,2020-04-10
456,필리핀,[해외입찰정보] 필리핀 경찰용 5.56mm 소총탄(SS109/M855),2020-04-10
457,리투아니아,[해외입찰정보] 리투아니아 병력 수송 장갑차,2020-04-10
458,벨기에,"[해외입찰정보] 벨기에 군용 총기, 탄약 및 관련 부품",2020-04-10
459,스웨덴,[해외입찰정보] 스웨덴 경찰용 장갑,2020-04-10
460,인도,[해외입찰정보] 인도 육군용 침낭,2020-04-10
461,파키스탄,[해외입찰정보] 파키스탄 해군 훈련용 클레이 사격 시스템,2020-04-10
462,파키스탄,[해외입찰정보] 파키스탄 76mm 함포,2020-04-10
463,필리핀,[해외입찰정보] 필리핀 경찰용 9구경 FMJ(Full Metal Jacket) 권총탄,2020-04-10
464,필리핀,"[해외입찰정보] 필리핀 경찰용 군납품(9mm 권총탄, 소음용 귀마개, 타겟보드)",2020-04-10
465,필리핀,[해외입찰정보] 필리핀 군 및 경찰용 권총탄,2020-04-10
466,키르기스스탄,[해외입찰정보] 키르키즈스탄 12gauge 탄약용 탄약통,2020-04-03
467,인도,[해외입찰정보] 인도 니켈카드뮴 전지 및 부속품,2020-04-03
468,태국,[해외입찰정보] 태국 정부기관용 권총,2020-04-03
469,네팔,"[해외입찰정보] 네팔 육군용 방탄조끼, 방탄방패, 방탄헬멧 등",2020-04-03
470,대만,[해외입찰정보] 대만 군용 0.44인치 권총 탄약,2020-04-03
471,폴란드,[해외입찰정보] 폴란드 조종사복,2020-04-03
472,스리랑카,[해외입찰정보] 스리랑카 육군용 전술 무전기,2020-04-03
473,싱가포르,[해외입찰정보] 싱가포르 군용 전술 권총집,2020-04-03
474,독일,[해외입찰정보] 독일 권총,2020-04-03
475,독일,[해외입찰정보] 독일 방공 레이더,2020-04-03
476,네덜란드,[해외입찰정보] 네덜란드 보호 및 안전 장비,2020-04-03
477,체코,[해외입찰정보] 체코 경찰장비,2020-04-03
478,체코,[해외입찰정보] 체코 보호 및 안전복,2020-04-03
479,포르투갈,[해외입찰정보] 포르투갈 군복,2020-04-03
480,과테말라,[해외입찰정보] 과테말라 헬기용 수리부속품 등,2020-04-01
481,오만,"[해외입찰정보] 오만, 전자식 경찰봉 및 시위진압복",2020-04-01
482,영국,[해외입찰정보] 영국 군함용 부품,2020-03-30
483,폴란드,[해외입찰정보] 폴란드 군용 헬멧,2020-03-30
484,루마니아,[해외입찰정보] 루마니아 군복,2020-03-30
485,독일,[해외입찰정보] 독일 화생방 방호장비,2020-03-30
486,체코,[해외입찰정보] 체코 방탄조끼,2020-03-30
487,독일,[해외입찰정보] 독일 경찰용 벨트,2020-03-30
488,독일,[해외입찰정보] 독일 군용 탄약통(카트리지),2020-03-30
489,독일,[해외입찰정보] 독일 소총,2020-03-30
490,칠레,[해외입찰정보] 칠레 해군 방탄조끼,2020-03-27
491,필리핀,[해외입찰정보] 필리핀 경찰 권총용 5.56mm 탄약,2020-03-27
492,필리핀,[해외입찰정보] 필리핀 정부기관 권총용 9mm 탄약,2020-03-27
493,방글라데시,[해외입찰정보] 방글라데시 해군 12.7mm 기관총 및 거치대,2020-03-27
494,방글라데시,[해외입찰정보] 방글라데시 해군 오버헤드 크레인,2020-03-27
495,스리랑카,[해외입찰정보] 스리랑카 해군 9mm 권총,2020-03-27
496,인도,[해외입찰정보] 인도 정부연구기관용 UAV 및 Drone,2020-03-27
497,방글라데시,[해외입찰정보] 방글라데시 불발탄 보관함,2020-03-20
498,스리랑카,[해외입찰정보] 스리랑카 GPS 세트,2020-03-20
499,방글라데시,[해외입찰정보] 방글라데시 소총용 조준경,2020-03-20
500,방글라데시,[해외입찰정보] 방글라데시 소화기용 7.62x51mm 탄창,2020-03-20
501,폴란드,[해외입찰정보] 폴란드 총기 및 탄약,2020-03-19
502,스페인,[해외입찰정보] 스페인 방탄조끼,2020-03-19
503,폴란드,[해외입찰정보] 폴란드 방탄조끼,2020-03-19
504,슬로베니아,"[해외입찰정보] 슬로베니아 군용 총기, 탄약 및 관련 부품",2020-03-19
505,룩셈부르크,[해외입찰정보] 룩셈부르크 군용 차량 및 관련부품,2020-03-19
506,독일,[해외입찰정보] 독일 군용 수송 헬리콥터,2020-03-19
507,스위스,[해외입찰정보] 스위스 보조차량 및 인원수송장갑차,2020-03-19
508,폴란드,[해외입찰정보] 폴란드 훈련용 비행기,2020-03-13
509,스페인,[해외입찰정보] 스페인 탄약,2020-03-13
510,영국,[해외입찰정보] 영국 화생방 방호장비,2020-03-13
511,방글라데시,"[해외입찰정보] 방글라데시 연습용 수류탄, 조난신호기 등",2020-03-13
512,방글라데시,[해외입찰정보] 방글라데시 폭발물 탐지기,2020-03-13
513,방글라데시,[해외입찰정보] 방글라데시 네비게이션 레이더 시스템,2020-03-13
514,스페인,[해외입찰정보] 스페인 무인항공기,2020-03-13
515,스페인,[해외입찰정보] 폴란드 경찰용 탄약,2020-03-13
516,슬로베니아,"[해외입찰정보] 슬로베니아 군용 총기, 탄약 및 관련부품",2020-03-13
517,독일,[해외입찰정보] 독일 군용 탄약,2020-03-13
518,방글라데시,[해외입찰정보] 방글라데시 항공기용 발연기,2020-03-13
519,싱가포르,[해외입찰정보] 싱가포르 항공기 정비 도구,2020-03-13
520,필리핀,[해외입찰정보] 필리핀 항공기 정비창 장비,2020-03-13
521,핀란드,[해외입찰정보]핀란드 모의전투 시험장비,2020-03-06
522,폴란드,"[해외입찰정보] 폴란드 군용 총기, 탄약 및 관련 부품",2020-03-06
523,프랑스,[해외입찰정보] 프랑스 경찰 보안부대용 모듈식 탄약저장 설비,2020-03-06
524,핀란드,[해외입찰정보] 핀란드 경찰용 탄약,2020-03-06
525,영국,[해외입찰정보] 영국 기관총,2020-03-06
526,필리핀,[해외입찰정보] 해경용 9mm Caliber 권총 246정,2020-03-06
527,방글라데시,[해외입찰정보] 방글라데시 폭발물 제거 슈트(EOD Suit),2020-03-06
528,영국,[해외입찰정보] 영국 무인항공기,2020-03-06
529,체코,[해외입찰정보] 체코 전자사격 표적장치,2020-03-06
530,영국,[해외입찰정보] 영국 경찰 탄약 및 관련부품,2020-03-06
531,방글라데시,[해외입찰정보] 122mm 속사포 탄약통 등,2020-02-28
532,알제리,[해외입찰정보] 알제리 수중 탐지 시뮬레이터,2020-02-28
533,필리핀,[해외입찰정보]  필리핀 고폭탄두 장착 2.27인치 로켓 및 2.75인치 로켓 훈련탄,2020-02-28
534,방글라데시,[해외입찰정보] 디지털 VHF FM 무전기 및 주변기기,2020-02-28
535,필리핀,[해외입찰정보] 필리핀 45구경 Caliber 권총,2020-02-28
536,독일,[해외입찰정보] 독일 경찰장비,2020-02-27
537,영국,[해외입찰정보] 영국 차량용 방탄 유리,2020-02-27
538,덴마크,[해외입찰정보] 덴마크 40mm 예포탄약,2020-02-27
539,리투아니아,[해외입찰정보] 리투아니아 방독면,2020-02-27
540,라트비아,[해외입찰정보] 라트비아 개인 병사용 장구류,2020-02-27
541,프랑스,[해외입찰정보] 프랑스 무인항공기,2020-02-27
542,필리핀,[해외입찰정보] 필리핀 수류탄,2020-02-21
543,방글라데시,[해외입찰정보] 방글라데시 급조폭발물(IED) 전파교란장치,2020-02-21
544,필리핀,[해외입찰정보] 필리핀 권총용 9mm 탄약,2020-02-21
545,체코,[해외입찰정보] 체코 총기 및 탄약,2020-02-21
546,필리핀,[해외입찰정보] 필리핀 105mm 고폭약 탄약통,2020-02-21
547,체코,[해외입찰정보] 체코 모의전투 시험장비,2020-02-21
548,루마니아,[해외입찰정보] 루마니아 모바일 감시장비,2020-02-21
549,영국,[해외입찰정보] 영국 보호 및 안전복,2020-02-21
550,그리스,[해외입찰정보] 그리스 개인 병사용 특수재난 대응 장구류,2020-02-21
551,핀란드,"[해외입찰정보] 핀란드 항공기, 미사일, 우주비행체 모의훈련장비",2020-02-21
552,키프로스,[해외입찰정보] 키프로스 무인항공기,2020-02-21
553,사우디아라비아,"[해외방산시장동향] 사우디, 안전한 군 통신장비 개발을 위한 연구 프로그램 착수",2020-02-21
554,인도,[해외방산시장동향] 인도 전투기 획득 협상 마무리,2020-02-21
555,폴란드,[해외입찰정보] 폴란드 전술 차량용 전기 전자 부품 및 구성품,2020-02-21
556,체코,[해외입찰정보] 체코 총기 및 탄약,2020-02-18
557,체코,[해외입찰정보] 체코 모의 전투 시험장비,2020-02-18
558,인도,인도 방산시장 동향분석 보고서,2020-02-13
559,라트비아,[해외입찰정보] 라트비아 사격표적시스템,2020-02-13
560,미국,미국 방산시장 동향분석 보고서,2020-02-13
561,말레이시아,말레이시아 방산시장 동향분석 보고서,2020-02-13
562,영국,영국 방산시장 동향분석 보고서,2020-02-13
563,스페인,[해외입찰정보] 스페인 방탄의복,2020-02-13
564,방글라데시,[해외입찰정보] 방글라데시 휴대용 금속성분 분석기(,2020-02-13
565,필리핀,"[해외입찰정보] 필리핀 9mm 권총, 12 Gauge 반자동 샷건, M16 소총 등",2020-02-13
566,스웨덴,[해외입찰정보] 스웨덴 출입국 통제 시스템,2020-02-13
567,스페인,[해외입찰정보] 스페인 특수 목적 차량,2020-02-13
568,필리핀,[해외입찰정보] 2000213 필리핀 금속탐지기,2020-02-13
569,방글라데시,[해외입찰정보] 200213 방글라데시 선실형 알루미늄보트 및 아웃보드 엔진,2020-02-13
570,네덜란드,[해외입찰정보] 네덜란드 감시보안시스템,2020-02-12
571,노르웨이,[해외입찰정보] 노르웨이 비상용 조명장비,2020-02-11
572,슬로베니아,[해외입찰정보] 슬로베니아 무기탄약 부품류,2020-02-11
573,체코,[해외입찰정보] 체코 시험용 PRS 메시지 생성기,2020-02-10
574,루마니아,[해외입찰정보] 루마니아 경찰 제복,2020-02-10
575,스페인,[해외입찰정보] 스페인 무인수중차량,2020-02-10
576,루마니아,[해외입찰정보] 루마니아 전투 모의시험장비 시뮬레이터,2020-02-10
577,필리핀,[해외입찰정보] 2000205 필리핀 FA50PH용 서비스 장비,2020-02-06
578,방글라데시,[해외입찰정보] 200205 방글라데시 훈련용 보트,2020-02-06
579,싱가포르,[해외입찰정보] 200205 싱가포르 F15용 수리부속(7종),2020-02-06
580,싱가포르,[해외입찰정보] 200205 싱가포르 치누크용(CH-47) 수리부속 (Rotary Wing Blade Tie Down 등),2020-02-06
581,아이슬란드,[해외입찰정보] 200206 아이슬란드_ 공항장비,2020-02-06
582,아이티,[해외입찰정보] 200205 아이티 CCTV 시스템 설치 및 지원 서비스,2020-02-06
583,필리핀,[해외입찰정보] 2000205 필리핀 자연재해 정찰용 드론,2020-02-06
584,필리핀,"[해외입찰정보] 2000205 필리핀 풀메탈자켓 9mm, 4.5mm 탄약",2020-02-06
585,핀란드,[해외입찰정보] 200206 핀란드_군용 항공 우주 장비 엔진 및 엔진부품,2020-02-06
586,스위스,"[해외입찰정보] 스위스_소방, 구조 및 안전 장비",2020-02-06
587,프랑스,[해외입찰정보] 프랑스_건설현장용 안전 장비,2020-02-06
588,방글라데시,[해외입찰정보] 200205 방글라데시 헬기 수중탈출 훈련 세트장,2020-02-06
589,폴란드,[해외입찰정보] 200205 폴란드 전투훈련장비,2020-02-05
590,폴란드,[해외입찰정보] 200205 폴란드 특수목적차량,2020-02-05
591,독일,[해외입찰정보] 200205 독일 전투장비,2020-02-05
592,에스토니아,[해외입찰정보] 200205 에스토니아 방탄조끼,2020-02-05
593,말레이시아,"[해외입찰정보] 말레이시아, 육군용 이동식 레이더 등",2020-01-30
594,필리핀,"[해외입찰정보] 필리핀, 5.56 x 45mm 소총",2020-01-30
595,방글라데시,"[해외입찰정보] 방글라데시, 함정용 소나체계",2020-01-30
596,스페인,"[해외입찰정보] 스페인, 9mm탄약",2020-01-30
597,루마니아,"[해외입찰정보] 루마니아, 여단 경비대용 외투 및 군 간부용 정장 등",2020-01-30
598,폴란드,"[해외입찰정보] 폴란드, 군 간부용 외투 등",2020-01-30
599,슬로베니아,"[해외입찰정보] 슬로베니아, 탄약 및 부품류",2020-01-30
600,폴란드,[해외입찰정보] 폴란드 군용차량 및 부품 등,2020-01-30
601,불가리아,"[해외입찰정보] 불가리아, 화기류 및 관련 부속품",2020-01-30
602,에콰도르,"[해외입찰정보] 에콰도르, 시위진압용 비살상무기",2020-01-30
603,영국,"[해외입찰정보] 영국, 무인항공기 교육훈련용 재머장비",2020-01-30
604,튀니지,"[해외입찰정보] 튀니지, 신호탄 등",2020-01-21
605,방글라데시,[해외입찰정보] 20200117 155mm 화약통,2020-01-17
606,방글라데시,[해외입찰정보] 20200117 테이저건,2020-01-17
607,방글라데시,[해외입찰정보] 20200117 소나,2020-01-17
608,방글라데시,[해외입찰정보] 20200117 지뢰탐지기,2020-01-17
609,노르웨이,[해외입찰정보] 200109 노르웨이 탄약,2020-01-09
610,독일,[해외입찰정보] 200109 독일 발화엔진,2020-01-09
611,독일,[해외입찰정보] 200109 독일 전투복,2020-01-09
612,프랑스,[해외입찰정보] 191230 프랑스 화재감지 시스템,2019-12-30
613,불가리아,"[해외입찰정보] 191230 불가리아 군용항공기, 미사일",2019-12-30
614,루마니아,[해외입찰정보] 191230 루마니아_겨울용 유지보수 차량,2019-12-30
615,라트비아,[해외입찰정보] 191230 라트비아_자동차,2019-12-30
616,불가리아,[해외입찰정보] 191230 불가리아_철도 유지보수 또는 서비스 차량,2019-12-30
617,미국,[해외입찰정보] 191227 미국 소화기,2019-12-27
618,오스트레일리아,[해외입찰정보] 191227 오스트레일리아 보안카메라 시스템,2019-12-27
619,불가리아,[해외입찰정보] 191227 불가리아 특수차량,2019-12-27
620,벨기에,[해외입찰정보] 191227 벨기에 화재감지 시스템,2019-12-27
621,독일,[해외입찰정보] 191227 독일 수상차량,2019-12-27
622,독일,[해외입찰정보] 191227 독일 일반차량,2019-12-27
623,독일,"[해외입찰정보] 191223 독일_소방, 구난 및 안전 장비",2019-12-23
624,독일,[해외입찰정보] 191223 독일_다양한 종류의 방어장비,2019-12-23
625,스웨덴,[해외입찰정보] 191223 스웨덴_중량 및 경량 자동차용 타이어,2019-12-23
626,독일,[해외입찰정보] 191223 독일_소방차량,2019-12-23
627,독일,[해외입찰정보] 191223 독일_폐기물 차량,2019-12-23
628,프랑스,[해외입찰정보] 191223 프랑스_화재감지 시스템,2019-12-23
629,오스트리아,[해외입찰정보] 191223 오스트리아_군복,2019-12-23
630,독일,[해외입찰정보] 191223 독일_폐기물 수집 차량,2019-12-23
631,네덜란드,"[해외입찰정보] 191223 네덜란드_소방, 구조 및 안전 장비",2019-12-23
632,벨기에,[해외입찰정보] 191223 벨기에_긴급대응 및 안전 장비,2019-12-23
633,독일,[해외입찰정보] 191216 독일 전자잠금보안장비,2019-12-15
634,슬로베니아,[해외입찰정보] 191216 슬로베니아 자동차 부품,2019-12-15
635,영국,[해외입찰정보] 191216 영국 자동차량,2019-12-15
636,스페인,[해외입찰정보] 191216 스페인 자동차량,2019-12-15
637,독일,[해외입찰정보] 191216 독일 보안수송차량,2019-12-15
638,포르투갈,[해외입찰정보] 191216 포르투갈 자동차,2019-12-15
639,라트비아,[해외입찰정보] 191216 라트비아 트레일러,2019-12-15
640,아일랜드,[해외입찰정보] 191216 아일랜드 이동도서관차량,2019-12-15
641,그리스,[해외입찰정보] 191216 그리스 안전설계 서비스,2019-12-15
642,미국,[해외입찰정보] 191212 미국 생존 안전프로그램,2019-12-12
643,인도,글로벌디펜스뉴스-2019.11.28,2019-12-11
644,벨기에,"[해외입찰정보] 191211 벨기에 화기류 부품, 타약 등",2019-12-11
645,핀란드,글로벌디펜스뉴스-2019.12.3,2019-12-11
646,독일,[해외입찰정보] 191211 독일 상용차량,2019-12-11
647,프랑스,[해외입찰정보] 191211 프랑스 특수차량,2019-12-11
648,미국,[해외입찰정보] 191211 미국 군화 및 피복류,2019-12-11
649,벨기에,"[해외방산시장 동향] 191211 유럽_EDA, 방위산업을 위한 &apos;B2B 플랫폼&apos; 출시",2019-12-11
650,아프가니스탄,"[해외방산시장 동향] 191210 191125 아프간, MD-530F 5대 조달",2019-12-10
651,미국,[해외입찰정보] 191210 미국_주 법률 집행용 화기,2019-12-10
652,독일,[해외입찰정보] 191210 독일_구조용 차량,2019-12-10
653,독일,[해외입찰정보] 191210 독일_차량,2019-12-10
654,영국,[해외입찰정보] 191210 영국_화재감지 시스템,2019-12-10
655,프랑스,[해외입찰정보] 191210 프랑스_긴급차량,2019-12-10
656,루마니아,[해외입찰정보] 191210 루마니아_소방차량,2019-12-10
657,루마니아,[해외입찰정보] 191210 루마니아_긴급 및 안전 장비,2019-12-10
658,스웨덴,[해외입찰정보] 191210 스웨덴_동계 유지보수 차량,2019-12-10
659,프랑스,[해외입찰정보] 191210 프랑스_긴급서비스 차량,2019-12-10
660,핀란드,[해외입찰정보] 191210 핀란드_트레일러 및 이동식 컨테이너,2019-12-10
661,중국,"[해외방산시장 동향] 191125 중국, 군수용 방탄·내화 섬유 개발",2019-12-10
662,일본,"[해외방산시장 동향] 191202 일본 이마바리社, JMU社와 제휴",2019-12-10
663,독일,[해외입찰정보] 191210 독일_급수 차량,2019-12-10
664,스페인,[해외입찰정보] 191210 스페인_흡입-청소 차량,2019-12-10
665,헝가리,[해외입찰정보] 191210 헝가리_차량 및 엔진 부품과 엑세서리,2019-12-10
666,이스라엘,"[해외방산시장 동향] 191210 이스라엘 Elbit Systems社, 마이크로 드론 Magni 출시",2019-12-10
667,독일,"[해외입찰정보] 191210 독일_차체, 트레일러 및 세미 트레일러",2019-12-10
668,네덜란드,[해외입찰정보] 191210 네덜란드_구조차량,2019-12-10
669,에콰도르,"[해외방산시장 동향] 191202 에콰도르, H145M 헬기 6대 주문",2019-12-10
670,인도,"[해외방산시장 동향] 191129 인도, 32억 달러 상당 군 장비 조달 승인",2019-12-10
671,아랍에미리트,"[해외방산시장 동향] 191129 UAE MLS社, 지적재산권 보호 신청",2019-12-10
672,카자흐스탄,"[해외방산시장 동향] 191127 카자흐스탄, 2020년부터 Elbit社 UAV 생산",2019-12-10
673,인도,"[해외방산시장 동향] 191125 인도 연안경비대, 쾌속 경비정 Amrit Kaur 획득",2019-12-10
674,루마니아,[해외입찰정보] 191209 루마니아 전기자동차,2019-12-09
675,오스트리아,[해외입찰정보] 191209 오스트리아 화재진압차량,2019-12-09
676,독일,[해외입찰정보] 191209 화재진압차량,2019-12-09
677,프랑스,[해외입찰정보] 191209 프랑스 구급차량,2019-12-09
678,벨기에,[해외입찰정보] 191209 벨기에 특수목적 상용차량,2019-12-09
679,벨라루스,[해외입찰정보] 191209 벨기에 상용차량,2019-12-09
680,폴란드,[해외입찰정보] 191209 방호복,2019-12-09
681,폴란드,[해외입찰정보] 191209 폴란드 특수목적차량,2019-12-09
682,폴란드,"[해외입찰정보] 191209 소형화기, 탄약, 결합품 등",2019-12-09
683,슬로베니아,[해외입찰정보] 191209 슬로베이나_차량,2019-12-09
684,리투아니아,[해외입찰정보] 191209 리투아니아_특수차량,2019-12-09
685,스웨덴,[해외입찰정보] 191209 스웨덴_구급차량,2019-12-09
686,스웨덴,[해외입찰정보] 191209 스웨덴_폐기물 및 하수 차량,2019-12-09
687,네덜란드,[해외입찰정보] 191209 네덜란드_도로교통 관제 장비,2019-12-09
688,미국,[해외입찰정보] 191209 미국_소화기,2019-12-09
689,헝가리,[해외입찰정보] 191206 헝가리_자동차,2019-12-06
690,크로아티아,[해외입찰정보] 191206 크로아티아_유틸리티 차량,2019-12-06
691,영국,[해외입찰정보] 191206 영국_자동차,2019-12-06
692,프랑스,[해외입찰정보] 191206 프랑스_화재방호 장비,2019-12-06
693,독일,[해외입찰정보] 191206 독일_화물차용 예비부품 등,2019-12-06
694,그리스,[해외입찰정보] 191206 그리스_컴패션 차량,2019-12-06
695,루마니아,[해외입찰정보] 191206 루마니아_4륜구동 차량,2019-12-06
696,독일,[해외입찰정보] 191206 독일_하수오물차량,2019-12-06
697,루마니아,[해외입찰정보] 191206 루마니아_차량 및 엔진용 부품과 엑세서리,2019-12-06
698,스페인,[해외입찰정보] 191206 스페인_자동차,2019-12-06
699,영국,"[해외입찰정보] 191206 영국_보안, 소방, 경찰 및 군용 장비",2019-12-06
700,독일,[해외입찰정보] 191206 독일_운송장비와 보조제품 수송,2019-12-06
701,포르투갈,[해외입찰정보] 191206 포르투갈_소방차량,2019-12-06
702,미국,[해외입찰정보] 191205 미국_댐 지원 및 제방 안전 엔지니어링 등,2019-12-05
703,미국,[해외입찰정보] 191205 미국_재래식 탄약,2019-12-05
704,미국,[해외입찰정보] 191205 미국_안전바디 키트,2019-12-05
705,미국,[해외입찰정보] 191205 미국_패치 CBOC 물리보안 시스템,2019-12-05
706,미국,[해외입찰정보] 191205 미국_생명 안전 평가,2019-12-05
707,미국,[해외입찰정보] 191205 미국_안전재생 밸브,2019-12-05
708,미국,[해외입찰정보] 191205 미국_생명안전코드 검토 및 점검 서비스,2019-12-05
709,미국,[해외입찰정보] 191205 미국_분산 공통 접지 시스템 / 해군 상용 솔루션,2019-12-05
710,헝가리,[해외입찰정보] 191205 헝가리_차량,2019-12-05
711,크로아티아,[해외입찰정보] 191205 크로아티아_도로유지 차량,2019-12-05
712,미국,"[해외방산시장 동향] 191202 미국_미 록히드마틴사, 33억 달러 규모의 항재밍 지원 사업 체결",2019-12-02
713,미국,"[해외방산시장 동향] 191202 미국_미 공군, 최초로 소형 소모성 터빈엔진 자체개발",2019-12-02
714,독일,"[해외방산시장 동향] 191202 독일_NATO, AWACS 정찰기 성능개량에 10억 달러 투자",2019-12-02
715,미국,"[해외방산시장 동향] 191202 미국_미 FCC, 5G 이동통신용으로 C-밴드 주파수 공급 추진",2019-12-02
716,싱가포르,[해외입찰정보] 191129 싱가포르 함정 부품,2019-11-29
717,싱가포르,[해외입찰정보] 191129 싱가포르 F16 수리부속,2019-11-29
718,필리핀,[해외입찰정보] 191129 필리핀 화기,2019-11-29
719,필리핀,[해외입찰정보] 191129 필리핀 엔진,2019-11-29
720,필리핀,[해외입찰정보] 191129 필리핀 구명정,2019-11-29
721,필리핀,[해외입찰정보] 191128 필리핀 모터보트,2019-11-28
722,필리핀,[해외입찰정보] 191128 필리핀 이어플러그,2019-11-28
723,필리핀,[해외입찰정보] 191128 필리핀 탄약 등,2019-11-28
724,필리핀,[해외입찰정보] 191128 필리핀 압력벨브,2019-11-28
725,필리핀,[해외입찰정보] 191128 필리핀 7.72mm 탄약,2019-11-28
726,필리핀,[해외입찰정보] 191128 필리핀 권총,2019-11-28
727,필리핀,[해외입찰정보] 191128 필리핀 디젤엔진,2019-11-28
728,필리핀,[해외입찰정보] 191128 필리핀 5.56mm 탄약,2019-11-28
729,방글라데시,[해외입찰정보] 191128 방글라데시 30톤 트럭,2019-11-28
730,싱가포르,[해외입찰정보] 191127 싱가포르 A330 부품,2019-11-27
731,방글라데시,[해외입찰정보] 191127 방글라데시 초단파 무전기,2019-11-27
732,방글라데시,[해외입찰정보] 191127 방글라데시 발전기,2019-11-27
733,스리랑카,[해외입찰정보] 191127 스리랑카 전술장비,2019-11-27
734,싱가포르,[해외입찰정보] 191127 싱가포르 아파치 헬기 수리부속,2019-11-27
735,방글라데시,[해외입찰정보] 191127 방글라데시 감시용 드론,2019-11-27
736,필리핀,[해외입찰정보] 191127 필리핀 드론,2019-11-27
737,필리핀,[해외입찰정보] 191127 필리핀 방탄조끼,2019-11-27
738,필리핀,[해외입찰정보] 191127 필리핀 항공기 엔진 시동기,2019-11-27
739,필리핀,[해외입찰정보] 191127 필리핀 이동식 고소작업대,2019-11-27
740,필리핀,[해외입찰정보] 191127  필리핀 해상 엠뷸런스,2019-11-27
741,필리핀,[해외입찰정보] 191126 필리핀 고속보트,2019-11-26
742,필리핀,[해외입찰정보] 191126 필리핀 M193 탄약,2019-11-26
743,필리핀,[해외입찰정보] 191126 필리핀 9mm 탄약,2019-11-26
744,방글라데시,[해외입찰정보] 191126 방글라데시 견인 트렉터,2019-11-26
745,방글라데시,[해외입찰정보] 191125 방글라데시 도플러 유속계,2019-11-25
746,아일랜드,[해외입찰정보] 191125 아일랜드 해양장비,2019-11-25
747,독일,[해외입찰정보] 191125 독일 방폭 제어 시스템,2019-11-25
748,독일,[해외입찰정보] 191125 독일 특수목적차량,2019-11-25
749,영국,[해외입찰정보] 191125 영국 보안 시스템 및 장비,2019-11-25
750,스웨덴,[해외입찰정보] 191125 스웨덴 정보 보안 소프트웨어 패키지,2019-11-25
751,슬로바키아,[해외입찰정보] 191125 슬로바키아 특수차량,2019-11-25
752,벨기에,[해외입찰정보] 191125 벨기에 화재감지 시스템,2019-11-25
753,필리핀,[해외입찰정보] 191125 필리핀 APG 시스템 부품,2019-11-25
754,방글라데시,[해외입찰정보] 191125 방글라데시 발전기,2019-11-25
755,방글라데시,[해외입찰정보] 191125 화포 발전기,2019-11-25
756,방글라데시,[해외입찰정보] 191125 방글라데시 초계정,2019-11-25
757,싱가포르,[해외입찰정보] 191125 싱가포르 F15 부품,2019-11-25
758,싱가포르,[해외입찰정보] 191125 싱가포르 F16 부품,2019-11-25
759,싱가포르,[해외입찰정보] 191125 싱가포르 함정부품,2019-11-25
760,필리핀,"[해외입찰정보] 191125 필리핀 C130B,H,T용 부품",2019-11-25
761,필리핀,"[해외입찰정보] 191125 필리핀 UH-1, Bell412 유지장비",2019-11-25
762,필리핀,[해외입찰정보] 191120 40x46mm 고폭탄 탄약통,2019-11-22
763,필리핀,[해외입찰정보] 191120 필리핀 5.56mm 공포탄 탄약통,2019-11-22
764,필리핀,[해외입찰정보] 191122 필리핀 9mm 구경 탄,2019-11-22
765,필리핀,[해외입찰정보] 191120 필리핀 9mm 권총,2019-11-22
766,필리핀,[해외입찰정보] 191120 필리핀 9mm 총 구경 탄약 등,2019-11-22
767,필리핀,[해외입찰정보] 191120 필리핀 25mm 탄약통,2019-11-22
768,필리핀,[해외입찰정보] 191120 필리핀 40mm 탄약(HEDP탄),2019-11-22
769,필리핀,[해외입찰정보] 191120 81mm 필리핀 고폭탄 탄약통,2019-11-22
770,미국,글로벌디펜스뉴스-2019.11.14,2019-11-22
771,필리핀,[해외입찰정보] 191120 필리핀 M16 5.56구경 탄창,2019-11-22
772,필리핀,[해외입찰정보] 191120 필리핀 M16 5.56rnrud xksdir,2019-11-22
773,필리핀,[해외입찰정보] 191120 필리핀 M193 5.56mm 탄 탄약통,2019-11-22
774,필리핀,[해외입찰정보] 191122 필리핀 RPG 40mm 기화폭탄,2019-11-22
775,필리핀,[해외입찰정보] 191120 필리핀 화약,2019-11-22
776,필리핀,[해외입찰정보] 191120 필리핀 60mm 고폭탄 탄약통,2019-11-22
777,프랑스,"[해외방산시장 동향] 191120 프랑스_유럽 NATO, 독자무기개발 동향",2019-11-20
778,영국,"[해외방산시장 동향] 191120 영국_영국 육군, 신규 대포병레이더 사업 정보요청서 발표",2019-11-20
779,미국,"[해외방산시장 동향] 191120 미국_미 육군, FLIR사(社)와 CRS-H 계약 체결",2019-11-20
780,미국,"[해외방산시장 동향] 191120 미국_미 해군, 비용대비 효과적인 F-5 성능개량 추진",2019-11-20
781,프랑스,"[해외방산시장 동향] 191120 프랑스_프랑스 해군, 상륙용무인기 탑재",2019-11-20
782,필리핀,[해외입찰정보] 191119 필리핀 50구경 탄약통,2019-11-20
783,폴란드,해외 현지 입수 정보 : 폴란드 방산업체 정보 공유,2019-11-20
784,필리핀,[해외입찰정보] N-22 항공기 유압시스템 부품,2019-11-20
785,필리핀,[해외입찰정보] 191119 사출좌석 부품 (FA-50PH용),2019-11-20
786,필리핀,[해외입찰정보] 191119 필리핀 구조용 고무보트,2019-11-20
787,루마니아,"해외 현지 입수 정보 : 루마니아, 방산전시회 정보",2019-11-20
788,미국,"[해외방산시장 동향] 191120 미국_미 공군, 차세대 전투기 설계에 신중을 기한다는 방침",2019-11-20
789,필리핀,[해외입찰정보] 191119 필리핀 구명장비,2019-11-20
790,파키스탄,[해외입찰정보] 191119 파키스탄 항공기 타이어,2019-11-20
791,파키스탄,[해외입찰정보] 191119 파키스탄 행공기 랜딩기어 부품,2019-11-20
792,파키스탄,[해외입찰정보] 191119 파키스탄 보안검색대,2019-11-20
793,독일,[해외입찰정보] 191120 독일 소방차량,2019-11-20
794,독일,[해외입찰정보] 191120 독일 Water-tender vehicles,2019-11-20
795,크로아티아,[해외입찰정보] 191120 4륜구동 차량,2019-11-20
796,덴마크,[해외입찰정보] 191120 물품 수송용 차량,2019-11-20
797,프랑스,[해외입찰정보] 191120 프랑스 특수상용 차량,2019-11-20
798,필리핀,[해외입찰정보] 191119 필리핀 SF260 네비게이션 시스템,2019-11-20
799,슬로바키아,[해외입찰정보] 191120 슬로바키아 탄약 및 소화기 부품,2019-11-20
800,크로아티아,[해외입찰정보] 191120 크로아티아 특수차량,2019-11-20
801,필리핀,[해외입찰정보] 191118 필리핀 7.62mm 탄약,2019-11-19
802,필리핀,[해외입찰정보] 191118 필리핀 M16 탄창,2019-11-19
803,필리핀,[해외입찰정보] 191118 필리핀 5.56mm 탄약,2019-11-19
804,필리핀,[해외입찰정보] 191118 필리핀 9mm 권총,2019-11-19
805,싱가포르,[해외입찰정보] 싱가폴 치누크 부품,2019-11-19
806,필리핀,[해외입찰정보] 191118 필리핀 M16 탄약 및 탄창,2019-11-19
807,필리핀,[해외입찰정보] 191118 필리핀 9mm 탄약,2019-11-19
808,필리핀,[해외입찰정보] 191118 필리핀 5.56mm 탄약(52 Grains),2019-11-19
809,필리핀,[해외입찰정보] 191118 필리핀 5.56mm 탄약 (69 Grains),2019-11-19
810,필리핀,[해외입찰정보] 191118 필리핀 폭약,2019-11-19
811,프랑스,"[해외방산시장 동향] 191119 프랑스_프랑스, 2070년까지의 라팔 성능개량 계획 마련",2019-11-19
812,독일,[해외입찰정보] 191119 독일 구급 수송차량,2019-11-19
813,독일,[해외입찰정보] 191119 독일 전기차량,2019-11-19
814,폴란드,[해외입찰정보] 191119 폴란드 보안 소프트웨어,2019-11-19
815,미국,[해외입찰정보] 191119 미국 보안 카메라,2019-11-19
816,미국,"[해외방산시장 동향] 191119 미국_미 공군, 극초음속체계 피치데이 행사에서 7개 업체와 계약 체결",2019-11-19
817,독일,"[해외방산시장 동향] 191119 유럽_유럽, PESCO를 통해 공중 전자공격체계 개발 추진",2019-11-19
818,독일,"[해외방산시장 동향] 191119 독일_독일, NATO 공중 전자공격 능력을 위한 ‘쉽지 않은’일정 수립",2019-11-19
819,독일,"[해외방산시장 동향] 191119 독일_독일, 군 장비에 5억 6,000만 유로 추가 투자",2019-11-19
820,미국,[해외입찰정보] 191119 미국 소화전 유지보수용품,2019-11-19
821,노르웨이,"해외 현지 입수 정보 : 노르웨이, 국방전력현황 및 획득전망",2019-11-18
822,영국,"[해외방산시장 동향] 191115 영국_영국 DSTL, 320만 파운드 규모 미래전투차량용 기술개발 사업 체결",2019-11-18
823,영국,"[해외방산시장 동향] 191115 영국_영국 DASA, 자율체계 경진대회 개최 열려",2019-11-18
824,영국,[해외방산시장 동향] 191115 영국_첨단 프로덱터 배치에 1억 파운드 투자,2019-11-18
825,벨기에,"[해외방산시장 동향] 191118 유럽연합_유럽연합, 훈련 사이버작전 해전분야 관련 새로운 협력사업 공개",2019-11-18
826,독일,"[해외방산시장 동향] 191118 독일_독일연방군, “국방 및 안보 부문 신속조달 및 조달 현황 최적화 법률안” 의결",2019-11-18
827,방글라데시,[해외입찰정보] 191118 방글라데시 도플러형 유속계,2019-11-18
828,독일,[해외입찰정보] 191118 독일 소방차량,2019-11-18
829,폴란드,[해외입찰정보] 191118 폴란드 감지 및 분석체계,2019-11-18
830,방글라데시,[해외입찰정보] 191118 방글라데시 화포 거리 측정기,2019-11-18
831,싱가포르,[해외입찰정보] 191118 싱가폴 30mm 폭탄 기폭장치,2019-11-18
832,필리핀,[해외입찰정보] 싱가폴 다목적 대잡헬기 부품,2019-11-18
833,싱가포르,[해외입찰정보] 191118 싱가폴 치누크 부품,2019-11-18
834,폴란드,[해외입찰정보] 191118 폴란드 구급수송차량,2019-11-18
835,필리핀,[해외입찰정보] 191115 필리핀 탄약 및 소화기,2019-11-15
836,파키스탄,[해외입찰정보] 191115 파키스탄 총기보관용 가방,2019-11-15
837,필리핀,[해외입찰정보] 191115 필리핀 군함부품,2019-11-15
838,필리핀,"[해외입찰정보] 191115 필리핀 5.56mm, 7.62mm탄 등",2019-11-15
839,필리핀,[해외입찰정보] 191115 필리핀 탄창 및 탄약,2019-11-15
840,싱가포르,"[해외방산시장 동향] 191112 싱가포르 ST Aerospace社, 3분기 영업이익 35% 급증",2019-11-15
841,필리핀,[해외입찰정보] 191115 필리핀 탄약 및 폭발물,2019-11-15
842,오스트레일리아,[해외방산시장 동향] 191114 호주_다목적강습상륙함 실전배치,2019-11-15
843,터키,[해외방산시장 동향] 191114_터키_차세대 전투기 확보,2019-11-15
844,스페인,"[해외방산시장 동향] 191114 스페인_스페인 정부, 마지막 시호크(Seahawk)헬기 2대 구매 승인",2019-11-15
845,독일,[해외방산시장 동향] 191114 독일_연방군 차량정비시설 투자 발표,2019-11-15
846,필리핀,[해외입찰정보] 191115 필리핀 폭죽,2019-11-15
847,필리핀,[해외입찰정보] 191115 필리핀 탄약 및 소화기,2019-11-15
848,미국,"[해외방산시장 동향] 191114 미국_미 커티스-라이트사(社), 방산업체 인수 추진",2019-11-15
849,인도,[해외입찰정보] 191112 인도 130mm탄약,2019-11-14
850,인도,[해외입찰정보] 191112 인도 수류탄,2019-11-14
851,인도,[해외입찰정보] 191112 인도 7.62mm Dragunov,2019-11-14
852,방글라데시,[해외입찰정보] 191111 방글라데시 60mm 연습용 박격포 등,2019-11-14
853,필리핀,[해외입찰정보] 191112 필리핀 50구경탄,2019-11-14
854,필리핀,[해외입찰정보] 191112 필리핀 F-28 항공기 부품,2019-11-14
855,인도,[해외입찰정보] 191112 인도 항공기 소방차 레이더 부품,2019-11-14
856,파키스탄,[해외입찰정보] 191111 G3A3보관용 가방,2019-11-14
857,영국,[해외입찰정보] 191114 영국 휴대용 소나(Sonar) 공급 및 지원,2019-11-14
858,영국,[해외입찰정보] 191114 영국 산업용 3D 컴퓨터 단층촬영 스캐너,2019-11-14
859,영국,[해외입찰정보] 191114 영국 국방사이버방호도구(소프트웨어),2019-11-14
860,영국,[해외입찰정보] 191112 영국 군용의류(니트),2019-11-14
861,영국,[해외입찰정보]191112 영국 야간투시경 개량 사업,2019-11-14
862,방글라데시,[해외입찰정보] 191111 방글라데시 군용 나침반,2019-11-14
863,인도,"[해외방산시장 동향] 191113 인도, 국내 산업에 특허기술 무상 제공",2019-11-14
864,아랍에미리트,"[해외방산시장 동향] 191106 UAE, 첨단 방위산업회사 25개사 참여한 ‘에지’ 출범",2019-11-14
865,싱가포르,[해외입찰정보] 191112 싱가폴 네트워크 장비 부품,2019-11-14
866,인도네시아,"[해외방산시장 동향] 191111 인도 HAL社, 개량형 Su-30MKI 시제품 개발 예정",2019-11-14
867,인도,"[해외방산시장 동향] 191111 러시아 UEC-Klimov社, 인도 헬기에 VK-2500 엔진 제공",2019-11-14
868,아랍에미리트,"[해외방산시장 동향] 191111 UAE, 치누크 헬기 10대 조달",2019-11-14
869,필리핀,"[해외방산시장 동향] 191108 현대중공업, 필리핀 호위함 ‘안토니오 루나함’ 진수",2019-11-14
870,일본,"[해외방산시장 동향] 191111 일본, 벨-보잉社와 MV-22B 계약",2019-11-14
871,말라위,"[해외방산시장 동향] 191108 러시아 폭격기, 남아공 비행",2019-11-14
872,방글라데시,"[해외방산시장 동향] 191107 방글라데시 공군, 크로노스 지상 레이더 주문",2019-11-14
873,카타르,"[해외방산시장 동향] 191106 카타르, 패트리어트 포대 첫 배치",2019-11-14
874,중국,"[해외방산시장 동향] 191108 중국, 네팔군에 2천1백만 달러 지원",2019-11-14
875,필리핀,"[해외방산시장 동향] 191113 필리핀 공군, C295M 전술 수송기 획득",2019-11-14
876,일본,"[해외방산시장 동향] 191031 미국, 일본의 F-15J 현대화 요청 승인",2019-11-14
877,베트남,"[해외방산시장 동향] 191112 베트남, AK-47 돌격 소총 현대화 착수",2019-11-14
878,인도,"[해외방산시장 동향] 191112 인도 공군, 2020년 3월까지 테자스 83대 계약 완료 예정",2019-11-14
879,인도,"[해외방산시장 동향] 191112 인도, T-90S 주력 전차 464대 추가 계약",2019-11-14
880,방글라데시,[해외입찰정보] 191114 방글라데시 방탄자켓,2019-11-14
881,방글라데시,[해외입찰정보] 191114 방글라데시 방탄헬멧,2019-11-14
882,방글라데시,[해외입찰정보] 191114 방글라데시 보안경,2019-11-14
883,방글라데시,[해외입찰정보] 191114 방글라데시 화생방보호의,2019-11-14
884,대만,[해외방산시장 동향] 191031 대만_F-16V 전투기 조달 승인,2019-11-14
885,태국,"해외 현지 입수 정보 : 태국, 노후된 공격헬기 교체",2019-11-13
886,스페인,"해외 현지 입수 정보 :  스페인, 박격포 구매동향",2019-11-13
887,우크라이나,[해외방산시장 동향] 191112 우크라이나_2020년 국방비에 GDP의 3% 지출 예정,2019-11-12
888,미국,"[해외방산시장 동향] 191112 미국_미 공군, 디지털 아키텍처 및 우주 분야에 대규모 투자 계획",2019-11-12
889,오스트레일리아,[해외방산시장 동향] 191112 호주_방위산업 서밋을 통해 방위산업 성장 추구,2019-11-12
890,독일,[해외방산시장 동향] 191111 유럽_영공 방어를 위한 자기학습 드론 군집 운용 제안,2019-11-11
891,독일,"[해외방산시장 동향] 191111 독일 국방장관, 독일 연방군 예산 증액 구상 발표",2019-11-11
892,프랑스,"[해외방산시장 동향] 191111 유럽_유럽 방위청장 일문일답, 유럽의 미래 전투기 사업에 대하여",2019-11-11
893,네덜란드,[해외방산시장 동향] 191111 네덜란드_중소기업중심 방위산업정책_소개,2019-11-11
894,프랑스,[해외방산시장 동향] 191111 프랑스_포토니스사(社) 해외매각 움직임,2019-11-11
895,미국,"[해외입찰정보] 191108, 미국 항공기 구성품",2019-11-08
896,미국,"[해외입찰정보] 191108, 미국 중앙대기감지체계",2019-11-08
897,필리핀,[해외입찰정보] 191107 필리핀 50구경 중기관총 입찰정보,2019-11-07
898,필리핀,[해외입찰정보] 191107 필리핀 Striker Fired 9mm 권총 입찰정보,2019-11-07
899,필리핀,[해외입찰정보] 191107 필리핀 50구경 중기관총 입찰정보,2019-11-07
900,필리핀,[해외입찰정보] 191107 필리핀 40구경 탄 등 입찰정보,2019-11-07
901,필리핀,[해외입찰정보] 191107 필리핀 9mm탄약 및 7.62mm 탄약 입찰정보,2019-11-07
902,필리핀,[해외입찰정보] 191107 필리핀 5.56mm 탄 입찰정보,2019-11-07
903,필리핀,[해외입찰정보] 191107 필리핀 9mm 탄약 입찰정보,2019-11-07
904,미국,[해외방산시장 동향] 191107 미국_미 EDAC Technologies사 인수합병한 ㈜한화 에어로스페이스,2019-11-07
905,프랑스,[해외방산시장 동향] 191104  프랑스_개량 상륙주정 출시,2019-11-07
906,필리핀,[해외입찰정보] 191107 필리핀 7.62mm Ball 탄약통,2019-11-07
907,미국,글로벌디펜스뉴스-2019.11.5,2019-11-07
908,필리핀,[해외입찰정보] 191107 필리핀 소형화기 입찰정보,2019-11-07
909,필리핀,[해외입찰정보] 191107 필리핀 탄약 입찰정보,2019-11-07
910,필리핀,[해외입찰정보] 191107 필리핀 탄약 입찰정보,2019-11-07
911,필리핀,[해외입찰정보] 191107 필리핀 탄약 입찰정보,2019-11-07
912,필리핀,[해외입찰정보] 191107 필리핀 탄창 입찰정보,2019-11-07
913,방글라데시,[해외입찰정보] 방글라데시 테이져건 입찰정보,2019-11-07
914,미국,글로벌디펜스뉴스-2019.11.7,2019-11-07
915,필리핀,[해외입찰정보] 191107 필리핀 9mm 탄약 입찰정보,2019-11-07
916,방글라데시,[해외입찰정보] 방글라데시 GPS 입찰정보,2019-11-07
917,파키스탄,[해외입찰정보] 191107 파키스탄 가스총 입찰정보,2019-11-07
918,스위스,"해외 현지 입수 정보 : 스위스, 전투기 획득 동향",2019-11-06
919,노르웨이,[해외방산시장 동향] 191028 노르웨이_F-35 특수 장비에서 문제 발생,2019-11-06
920,노르웨이,[해외방산시장 동향] 191028 노르웨이_2020 국방예산안에서 20억 크로네 이상 국방예산 증액,2019-11-06
921,벨기에,[해외방산시장 동향] 191007 벨기에_John Cockerill Defense사(社)의 스페인 시장 진출,2019-11-06
922,네덜란드,[해외방산시장 동향] 191008 네덜란드_방위산업전략과 최근 획득동향,2019-11-06
923,남아프리카공화국,"해외 현지 입수 정보 : 남아공, 국방예산 부족에 따른 군수품 조달제한",2019-11-06
924,일본,"191031 미국, 일본의 F-15J 현대화 요청 승인",2019-11-04
925,대만,"191031 대만, F-16V 전투기 조달 승인",2019-11-04
926,필리핀,"[해외입찰정보] 191031 필리핀, 방호복 (테스트)",2019-10-31
927,캄보디아,"해외 현지 입수 정보 : 캄보디아, 항공기 구매 전망",2019-10-29
928,덴마크,"해외 현지 입수 정보 : 덴마크, 방위력개선 예산동향",2019-10-29
929,모로코,"해외 현지 입수 정보 : 모로코, 국방예산 동향",2019-10-24
930,폴란드,"해외 현지 입수 정보 : 폴란드, 무기체계 현대화 추진계획",2019-10-20
931,러시아,"해외 현지 입수 정보 : 러시아, 함정 성능개량 사업 관련",2019-10-20
932,인도,"해외 현지 입수 정보 : 인도, 국외 방산업체 제재 관련",2019-10-10
933,브라질,"해외 현지 입수 정보 : 브라질, 미육군 자주포 기부접수",2019-10-10
934,브라질,"해외 현지 입수 정보 : 브라질, 항공모함 퇴역 및 매각정보",2019-10-02
935,우크라이나,"해외 현지 입수 정보 : 우크라이나, 항공기, 수송기 획득 동향",2019-10-02
936,사우디아라비아,"해외 현지 입수 정보 : 사우디아라비아, 조달규정 개정",2019-09-26
937,싱가포르,"해외 현지 입수 정보 : 싱가포르, 3대 경비함 추가퇴역",2019-09-26
938,태국,해외 현지 입수 정보 : 태국 호위함 2차사업 지연,2019-09-26
939,캐나다,"해외 현지 입수 정보 : 캐나다, 방위력개선 관련 투자계획",2019-09-26
940,영국,"해외 현지 입수 정보 : 영국, 방위력개선계획",2019-09-26
941,폴란드,"해외 현지 입수 정보 : 폴란드, 방위력개선정책 정보 등",2019-09-19
942,인도,"해외 현지 입수 정보 : 인도, 국방획득절차(제작 관련)",2019-09-19
943,사우디아라비아,"해외 현지 입수 정보 : 사우디, 방산시장 진출전략",2019-09-19
944,독일,"해외 현지 입수 정보 : 유럽연합(EU), 국방획득 절차 안내",2019-09-10
945,미국,"해외 현지 입수 정보 : 美육군, 국방획득 관련 규정",2019-09-10
946,오스트레일리아,해외 현지 입수 정보 : 특수부대용 헬리콥터 획득 관련,2019-09-10
947,필리핀,"해외 현지 입수 정보 : 필리핀, 국방획득절차 정보",2019-09-03
948,스페인,"해외 현지 입수 정보 : 스페인, 차세대 전투기 관련 예산 승인",2019-09-03
949,멕시코,"해외 현지 입수 정보 : 멕시코, 전투기 교체 동향",2019-09-03
950,노르웨이,"해외 현지 입수 정보 : 노르웨이, 2019-2026 미래국방획득분야",2019-09-03
951,뉴질랜드,해외 현지 입수 정보 : 뉴질랜드MOD 2019-2023 4개년 추진전략,2019-08-29
952,스위스,"해외 현지 입수 정보 : 스위스, 신규 전투기 등 획득동향",2019-08-29
953,브라질,"해외 현지 입수 정보 : 브라질, 퇴역함 관련",2019-08-29
954,핀란드,"해외 현지 입수 정보 : 핀란드, 국방예산 동향",2019-08-22
955,인도,"해외 현지 입수 정보 : 인도, 절충교역 및 국방조달 규정",2019-08-22
956,스페인,"해외 현지 입수 정보 : 스페인, 인공위성 제작 관련",2019-08-16
957,대만,"해외 현지 입수 정보 : 대만, 국방예산 관련",2019-08-06
958,우크라이나,"해외 현지 입수 정보 : 우크라이나, 국방예산",2019-08-06
959,이탈리아,"해외 현지 입수 정보 : 이탈리아, 2019-2021 국방계획서",2019-08-06
960,콜롬비아,"해외 현지 입수 정보 : 콜롬비아 공군, 전투기 교체 관련",2019-08-01
961,태국,"해외 현지 입수 정보 : 태국, 잠수함 2번함 구매동향",2019-08-01
962,베트남,"해외 현지 입수 정보 : 베트남, 국방예산 정보",2019-07-25
963,인도,"해외 현지 입수 정보 : 인도, 국방예산 및 관세규정 개정",2019-07-25
964,뉴질랜드,해외 현지 입수 정보 : 뉴질랜드 2019 국방전력계획,2019-07-19
965,스페인,"해외 현지 입찰 정보 : 스페인, 컴뱃차량 계약 관련",2019-07-15
966,스페인,해외 현지 입수 정보 : 스페인 훈련기 입찰동향,2019-07-15
967,독일,"해외 현지 입수 정보 : 독일, 국방예산 동향",2019-07-03
968,스웨덴,"해외 현지 입수 정보 : 스웨덴, 국방자문위원회 2021~2025 장기계획서",2019-07-03
969,인도네시아,"해외 현지 입수 정보 : 인니, 국방획득 관련 지침 개정",2019-06-24
970,남아프리카공화국,"해외 현지 입수 정보 : 남아공, 20mm 근거리 함포 RFI 공고",2019-06-24
971,파키스탄,"해외 현지 입수 정보 : 파키스탄, 국방 예산",2019-06-18
972,뉴질랜드,"해외 현지 입수 정보 : 뉴질랜드, 국방역량계획2019",2019-06-13
973,에스토니아,"해외 현지 입수 정보 : 에스토니아, 2019국방예산",2019-06-13
974,오스트레일리아,해외 현지 입수 정보 : 호주 자주포 구매정보(업데이트),2019-06-04
975,네덜란드,해외 현지 입수 정보 : 네덜란드 국방예산현황 및 전망 등,2019-05-28
976,중국,해외 현지 입수 정보 : 중국 1세대 구축함 퇴역소식,2019-05-20
977,오스트레일리아,해외 현지 입수 정보 : 호주 자주포 획득 관련 정보,2019-05-16
978,영국,해외 현지 입수 정보 : 영국 국방부 화학무기 대응관련 투자정보,2019-05-14
979,브라질,해외 현지 입수 정보 : 브라질 국방예산 운용제한,2019-05-14
980,멕시코,해외 현지 입수 정보 : 멕시코 공군 FA-50구매 관련,2019-05-10
981,슬로바키아,해외 현지 입수 정보 : 슬로바키아 F16 구매정보,2019-05-03
982,슬로바키아,해외 현지 입수 정보 : 슬로바키아 4X4차량,2019-05-03
983,슬로바키아,해외 현지 입수 정보 : 슬로바키아 Vydra 8x8 보병전투차 획득,2019-05-03
984,브라질,해외 현지 입수 정보 : 브라질 군 주요 프로젝트 예산 현황,2019-04-30
985,스페인,해외 현지 입수 정보 : 스페인 차륜형 장갑차 관련,2019-04-29
986,싱가포르,해외 현지 입수 정보 : 싱가포르 2019 국방예산,2019-04-02
987,캐나다,해외 현지 입수 정보 : 캐나다 주요 국방획득 프로그램 현황,2019-04-02
988,사우디아라비아,해외 현지 입수 정보 : 사우디아라비아 2019 국방예산,2019-04-02
989,스페인,해외 현지 입수 정보 : 스페인 2019 국방예산,2019-04-02
990,노르웨이,해외 현지 입수 정보  : 노르웨이 2019 국방예산,2019-04-02
991,미국,해외 현지 입수 정보 : 미 해군 2020 국방예산,2019-04-02
992,미국,해외 현지 입수 정보 : 미군 2020 국방예산,2019-04-02
993,프랑스,해외 현지 입수 정보 : 프랑스 2019 국방예산,2019-04-02
994,,2019년 해외시장진출유망부진품목,2019-01-28
995,폴란드,2018년 폴란드 진출전략,2019-01-28
996,브라질,2018년 브라질 진출전략,2019-01-28
997,베트남,베트남-호찌민 2018년 해외출장자료,2019-01-28
998,베트남,베트남 진출전략,2019-01-16
999,프랑스,하이브리드 해양무인로봇 성능 및 작전 운용전망,2017-02-11
1000,스위스,스위스 방산 관련 현 정세 및 동향,2017-02-11
1001,일본,일본 방위성(해자대)의 장래 함선 기술분야 등 개발 동향,2017-02-11
1002,스웨덴,정부의 공군 보유 그리펜 전투기 수출제동,2017-02-11
1003,중국,중국제 Ming급 잠수함 2척 방글라데시에 양도,2017-02-11
1004,캐나다,캐나다 탐색구조 항공기 구매계획 발표,2017-02-11
1005,폴란드,폴란드 자국내 조준경 및 자폭형UAV 구매,2017-02-11
1006,폴란드,나토국 회원국 항공탄 공동구매,2017-02-11
1007,미국,"사브-보잉社, 미 공군 차세대 훈련기 T-X용 모델 첫 시험비행 성공적 실시",2017-02-11
1008,중국,중국의 최근 방산수출 현황과 향후 전망 분석,2016-12-29
1009,말레이시아,말레이시아 해군 중국으로부터 군함 4척 구매 발표,2016-12-29
1010,프랑스,프랑스군 IS 대테러전 수행에 따라 탄약 긴급조달,2016-12-29
1011,인도네시아,인니 방위산업의 현황 및 향후 전망,2016-12-29
1012,터키,터키 대공방어체계 도입사업 진행중,2016-12-29
1013,프랑스,프랑스 차기 항공모함 건조 계획,2016-12-29
1014,스위스,스위스 군 전투기 구매 관련 동향,2016-12-29
1015,영국,"영 획득차관, 공군 Sentinel 정찰기 지원 계약 체결 발표",2016-12-06
1016,프랑스,프랑스 무기 획득 계약제도,2016-12-06
1017,대만,"대만, 2017년 1월에 국방과학기술처 설치",2016-12-06
1018,루마니아,"루마니아 공군, 포르투갈 F-16 6기 도착 동향",2016-12-06
1019,중국,"중국, 말련에 “근해 다기능 임무함 18척” 수출 가능성 보도",2016-12-06
1020,이탈리아,유럽형 최초의 군용 무인기 Male RPAS 연구개발 위한 4개국 공동협력 공식 착수 동향,2016-12-06
1021,터키,제13차 국제방산전시회(IDEF-2017) 개최 계획,2016-12-06
1022,프랑스,"유럽, 미래무인기 무장 결정 동향",2016-12-06
1023,캄보디아,캄보디아 방산협력분야 참고자료,2016-12-06
1024,이란,이란 자폭용 드론 개발,2016-12-06
1025,남아프리카공화국,남아공 Ultimate Unmanned에서 개발한 무인기 관련 자료,2016-12-06
1026,이탈리아,최근 레오나르도-핀메카니카사의 회전익 항공기 방산계약 동향,2016-12-06
1027,터키,"터키 하벨산社, 저격탐지용 음향기반 원격탐사 시스템 개발",2016-10-28
1028,인도,육군의 대공화기 획득 계획,2016-10-28
1029,프랑스,프랑스군 장비 확보 현황,2016-10-28
1030,이탈리아,"伊-佛-英 합작 MBDA사, 카타르 해군과 미사일 계약 체결",2016-10-27
1031,이탈리아,"伊 핀칸티에리사, 호주 프리킷함정 사업 참여 동향",2016-10-27
1032,스위스,스위스내 향후 신형전투기 도입관련 논란,2016-10-27
1033,벨기에,벨. 국방부 경기관총(FN사 미니미 7.62mm) 도입 결정,2016-10-27
1034,폴란드,폴란드 VIP 수송기 획득 계획 발표,2016-10-27
1035,인도,"인도, 프랑스 잠수함 추가 획득 계획 중단",2016-10-27
1036,폴란드,폴란드 (초)단거리방공체계 획득 추진 동향,2016-10-07
1037,이스라엘,IDF 신규 차륜구동형 APC 개발 및 배치 동향,2016-10-07
1038,프랑스,"프랑스 업체, 공중투하 가능한 무인기 개발",2016-10-07
1039,리투아니아,"리투아니아, 독일 장갑차 구매 계약",2016-10-07
1040,중국,"중국 언론, 자체 개발 J-20 스텔기 전투기 2020년경 국산엔진 WS-15 장착 가능성 보도",2016-10-07
1041,대만,"대만, 국방예산 한화 약 11조원 편성",2016-10-07
1042,알제리,알제리 헬기 조립공장 건립 추진 동향,2016-10-07
1043,프랑스,"불 국방장관, 쿠웨이트에 카라칼 헬기 수출계약 체결",2016-10-07
1044,프랑스,프랑스 지상무기 방산업체 수출 현황 및 여건 분석 보고,2016-10-07
1045,네덜란드,NATO 공중재급유기 도입 준비 등 전력화 동향,2016-10-07
1046,오스트레일리아,호주 육군의 LAND 400 사업추진 동향,2016-10-07
1047,독일,"독일, 2015년 독일 방산수출 현황",2016-08-19
1048,폴란드,폴란드 군현대화 관련 현황,2016-08-19
1049,폴란드,폴란드 군현대화 관련 현황,2016-08-19
1050,중국,"중국, 샹롱(翔龍) 무인기 성능 평가",2016-08-19
1051,파라과이,파라과이 KT-1 공동생산 관련 언론보도,2016-08-19
1052,일본,일본의 ‘F-3계획’과 관련한 로이터 보도 분석,2016-08-19
1053,인도,"인도 국방부, 중개인에 대한 규정 개정내용",2016-08-19
1054,태국,"태국, 중국 잠수함 3척 10억달러에 도입 언론보도",2016-08-19
1055,터키,"터키 FNSS사, 방산청과 260대 대전차 차량 계약체결",2016-08-19
1056,중국,중국 최초의 대형 수륙양용 항공기 AG 600 출고식,2016-08-19
1057,베트남,베트남 해상 작전 항공기 획득 계획 보도,2016-07-14
1058,프랑스,프랑스 하원의 2016년 무기수출 보고서 발표,2016-07-14
1059,일본,"일본, 일본의 F-2후계기 정보제공의사 기업 모집동향",2016-07-14
1060,대만,"대만, 제1회 ‘국제해사선박전·국방산업전’ 개최(9.14~9.17)",2016-07-14
1061,일본,"일본, 스웨덴 방산기업 SAAB 회장의 일본방문 및 인터뷰",2016-07-14
1062,프랑스,"프랑스, 브렉시트에 따른 유럽 방산협력 전망",2016-07-14
1063,이스라엘,이스라엘 개발 무기체계의 EuroSatory 2016 소개 동향,2016-07-14
1064,프랑스,"프랑스, 유로사토리 전시회 개최 결과",2016-07-14
1065,터키,"터키군, 시콜스키와 T-70 709대 구매 및 생산 계약체결",2016-07-14
1066,프랑스,"프랑스, A400M 에어버스 군수송기 사업 동향",2016-06-22
1067,오스트레일리아,"호주, 해군 군수지원함 사업 Navantia사와 계약 체결",2016-06-22
1068,프랑스,"프랑스, 뉴런 미래전투무인기 해상작전환경 시험",2016-06-22
1069,중국,"중국, 태국에 VT-4(수출버전 MBT-3000) 전차 수출 동향",2016-06-22
1070,아르헨티나,아르헨티나 전투기 도입 관련 동향,2016-06-22
1071,이스라엘,"이스라엘, 해군 해상 아이언돔 시험 성공 동향",2016-06-22
1072,베트남,"베트남, 해군 Gepard 3.9급 초계함 3, 4번함 진수",2016-06-22
1073,일본,"일본, IHI사의 미국 GE사에 MSC기술 공여",2016-06-22
1074,인도,인도-우크라이나 방산기업 간 협력,2016-06-22
1075,인도,인도 민간 기업의 방산 참여 독려,2016-06-22
1076,오스트레일리아,"호주, 건조 예정인 신형잠수함을 핵잠수함으로 전환 구상",2016-06-22
1077,칠레,"칠레, 미국산 중고 수송기 도입 검토",2016-06-22
1078,일본,"일본, ‘SOPEX 2016’에 AC-235 최초공개",2016-06-22
1079,이탈리아,"이탈리아, F-35기 추가 2기 최종조립 완성",2016-06-22
1080,이탈리아,"이탈리아, 미 해군 조종사 훈련레이더에 이탈리아 제품 장착",2016-06-22
1081,프랑스,"프랑스, 차기 공격원잠용 시물레이터 센터 준공",2016-06-22
1082,중국,"중국, 7월 양자(量子) 과학실험 위성 발사, 북경-상해간 광섬유 양자 통신망 구축 예정",2016-06-22
1083,프랑스,"프랑스, 사프란-에어프랑스 합작 공장설립",2016-06-22
1084,일본,일본의 ‘선진 광학위성’ 개발동향,2016-06-22
1085,중국,"중국, 공군 플라밍 붐 공중급유 방식 개발 성공",2016-06-22
1086,프랑스,"프랑스, 스페인에 전투기 조종사용 HMD 헬맷 수출",2016-06-22
1087,오스트레일리아,"호주, 전력 향상과 예산이 잠수함사업의 주요 요소임을 강조",2016-05-16
1088,프랑스,"프랑스, 특수부대용 공중투하 전천후 차량 획득계획",2016-05-16
1089,프랑스,"프랑스, 소형무인기 제압장비 개발 동향",2016-05-16
1090,프랑스,"프랑스, 특수부대용 공중투하 전천후 차량 획득계획",2016-05-16
1091,프랑스,"프랑스, 호주 잠수함 교체사업 수주로 전략관계 강화",2016-05-16
1092,오스트레일리아,"호주, 해군 신형잠수함 사업자 선정 결과 발표",2016-05-16
1093,칠레,"칠레, 해군 주요사업",2016-05-16
1094,프랑스,"프랑스, 국립항공연구소 장기 연구전략 발표",2016-05-16
1095,네덜란드,"네덜란드, F-35 전투기 최초 전시계획 발표",2016-05-16
1096,베트남,"베트남, 해군 몰리냐급(Monlniya Class) 제5, 6호 함정 진수",2016-05-16
1097,인도,"인도, 개인화기 사용 관련",2016-05-16
1098,아르헨티나,"아르헨티나, 해군 수송기 도태",2016-05-16
1099,프랑스,"프랑스, 노르웨이 잠수함 획득사업에 독일과 경쟁",2016-05-16
1100,프랑스,"프랑스, 라팔기용 공대공 AASM 미사일 생산 확대 계획",2016-05-16
1101,인도네시아,"인니, PT. DI 국방부로부터 무인기 감항인증 획득",2016-05-16
1102,오스트레일리아,"호주, 군 중형트럭 교체사업 최초 납품 개시",2016-05-16
1103,오스트레일리아,"호주, 잠수함 사업자 선정시기 관련",2016-05-16
1104,브라질,"브라질, 국방예산 증대를 위한 헌법 개정안 발의 동향",2016-05-16
1105,오스트레일리아,"호주, 해군 주요 획득사업 추진 동향",2016-05-16
1106,인도,"인도, 방위산업 활성화를 위한 제언",2016-05-16
1107,프랑스,"프랑스, 일본과의 방산장비·기술이전 관련 협정 승인 법안 소개",2016-05-16
1108,터키,"터키, 무장탑재 무인기 개발 착수",2016-05-16
1109,이스라엘,"이스라엘, ‘15년 방산수출 성과",2016-05-16
1110,인도,"인도, 미국과의 방산협력 법안 발의 및 기업위원회 동향",2016-05-16
1111,파키스탄,"파키스탄, 미국 AH-1Z 구매 예정",2016-05-16
1112,프랑스,"프랑스, 이집트 방문 및 방산 장비 수출 확대",2016-05-16
1113,프랑스,"프랑스, 방산업체 인수/합병",2016-05-16
1114,인도,"인도, 외국 기업의 대 인도 투자한도 100% 사례",2016-05-16
1115,이탈리아,"이탈리아, 핀메카니카 그룹 새명칭‘레오나르도’로 변경 공식화",2016-05-16
1116,프랑스,"프랑스, 육군 장비현대화에 핵심 중소기업 참여",2016-05-16
1117,인도,"인도, 국방부 신 국방조달규정 시행 발표",2016-04-25
1118,인도,"인도, 국방부의 신 국방획득규정",2016-04-25
1119,터키,"터키, ‘15년 233개 사업 계약 체결",2016-04-25
1120,아르헨티나,"아르헨티나, 공군 미라지 전투기 도태",2016-04-25
1121,오스트레일리아,"호주, 잠수함 사업자 선정 지연 우려",2016-04-25
1122,칠레,"칠레, 해군 해상정찰기 도입",2016-04-25
1123,오스트레일리아,"호주, 전투식량 연구 및 생산시설 투자계획 발표",2016-04-25
1124,오스트레일리아,"호주, 군수지원함 건조사업 스페인 회사 선정",2016-04-25
1125,인도,"인도, 국방 조달 실태 보고",2016-04-25
1126,파키스탄,"파키스탄, 190여대의 전투기 교체 필요",2016-04-25
1127,오스트레일리아,"호주, 남호주(SA)에 방위산업전력센터 개소 예정",2016-04-25
1128,인도네시아,"인니, 슈퍼투카노 마지막 인도분 도착",2016-04-25
1129,인도,"인도, 미국 방산업체(BAE)와 인도 기업(Mahindra)의 합의",2016-04-25
1130,프랑스,"프랑스, 해군 3차 FREMM 다목적프리깃함 획득",2016-04-25
1131,브라질,"브라질, 다련장(ASTRO) 수출",2016-03-31
1132,이스라엘,"이스라엘, Elta사 신규 무인수상정 공개",2016-03-31
1133,프랑스,"프랑스, 국경감시용 신기술 비행선 개발",2016-03-31
1134,프랑스,"프랑스, 우주산업 2015년 결산 및 2016년 전망(2)",2016-03-31
1135,오스트레일리아,"호주, 일본의 호주 잠수함 사업 참여 동향",2016-03-31
1136,프랑스,"프랑스, 항공산업 2015년 결산 및 2016년 전망(1)",2016-03-31
1137,프랑스,"프랑스 육군 공병, 신기술 불도저 유럽 최초로 획득",2016-03-31
1138,인도,"인도, 정부의 방위산업단지 조성 계획과 국산화 추진 동향",2016-03-31
1139,프랑스,"프랑스, 에어버스社 신형 성층권 무인기 개발 동향",2016-03-31
1140,프랑스,"프랑스, 우주산업 2015년 결산 및 2016년 전망(1)",2016-03-31
1141,터키,"터키, 공군신형 전자전 장비 인도식",2016-03-31
1142,프랑스,"프랑스, 차기 육군전술무인기 기종 선정",2016-03-31
1143,터키,"터키, 해안경비대 신형 경/중급 해상초계기 획득 계획",2016-03-31
1144,오스트레일리아,"호주, 방산 추진사업 동향",2016-03-31
1145,오스트레일리아,"호주, 잠수함 사업 추진 동향",2016-03-31
1146,인도,"인도, T-50 전투기 구매 동향",2016-03-31
1147,프랑스,"프랑스, 국방부 최신 암호통신장비 솔루션 선정",2016-03-31
1148,이탈리아,"이탈리아, 공군 F-35A 시험비행",2016-03-31
1149,인도,"인도, 공군 전투기 개발 동향",2016-03-31
1150,사우디아라비아,"사우디, 방산부품 국산화 지원을 위한 정부입찰 및 조달법 개정 논의",2016-03-31
1151,터키,"터키, 세계 6위 무기수입국",2016-03-31
1152,프랑스,"프랑스, 항공산업 2015년 결산 및 2016년 전망(2)",2016-03-31
1153,프랑스,"프랑스, 세계 무기수출입 동향",2016-03-31
1154,인도네시아,"인니, 방산업체 지분 아세안 국가에 판매 의지 표명",2016-03-31
1155,칠레,"칠레, 쇄빙선 기본설계 입찰 결과",2016-03-31
1156,인도네시아,"인니, PT PINDAD 장갑차에 90미리포 탑재 전투차량 개발",2016-03-30
1157,사우디아라비아,"사우디, 군용헬기 및 항공기 국내생산 계획 발표",2016-03-30
1158,인도,"인도, 국방부 전략적파트너(방산업체) 추진",2016-03-30
1159,인도,"인도, 정부의 조선산업 육성책",2016-03-30
1160,프랑스,"프랑스, 해군 특수부대용 고속단정 운용",2016-03-30
1161,프랑스,"프랑스, 유럽데이터 중계시스템 개발 동향",2016-03-30
1162,인도,"인도, 육군 미래보병전투차량 개발사업",2016-03-30
1163,러시아,"러시아, 군용 항공기(헬기 포함) 양적 측면 세계 2위 유지",2016-02-04
1164,인도,"인도, 국방부 무기조달 인테넷 포탈 개설",2016-02-04
1165,이스라엘,"이스라엘, 해군 독일제 돌핀급 잠수함(5번함) 인수계획",2016-02-04
1166,러시아,"러시아, 인도총리 러 방문(러-인도간 방산협력)",2016-02-04
1167,베트남,"베트남, 이태리제 헬기 AW-189 실전 배치",2016-02-04
1168,터키,"터키, 자국산 소총 개발 현황",2016-02-04
1169,터키,"터키, 주변국에서 알타이 전차 관심 집중",2016-02-04
1170,터키,"터키, 국산 기본훈련기 개발 관련 최근 동향",2016-02-04
1171,오스트레일리아,"호주, 공군 美 상용제트기를 정찰기로 개조해 도입 예정",2016-02-04
1172,인도,"인도, 국방조달 규정의 국산화 관련 개정",2016-02-04
1173,터키,"터키, 해군 대형상륙함 건조사업 동향",2016-02-04
1174,이스라엘,"이스라엘, David’s Sling 방공체계 실험 완료",2016-02-04
1175,이스라엘,"이스라엘, 해군 Barak-8 지대공미사일 실험발사 실시",2016-02-04
1176,터키,"터키, 4번째 조기경보통제기 인수",2016-02-04
1177,터키,"터키군, 공중조기경보기 최종 인수",2016-02-04
1178,오스트레일리아,"호주, Pacific Patrol Boat 사업 진행 동향",2016-02-04
1179,터키,"터키, 국산호위함 건조사업 착수",2016-02-04
1180,말레이시아,"말레이시아, 파키스탄 전투기 구매의사 표명",2016-02-03
1181,아르헨티나,아르헨티나-볼리비아 간 방산협력 동향,2016-02-03
1182,베트남,"베트남, 해경 2,400톤급 경비정 진수 완료",2016-02-03
1183,싱가포르,"싱가포르, 공군 F-16 업그레이드사업 계약 체결",2016-02-03
1184,터키,"터키, 해군 국산 전투함 추가 건조",2016-02-03
1185,오스트레일리아,"호주, 해군 AWD(방공구축함) 프로젝트 추진 동향",2016-02-03
1186,파키스탄,"파키스탄, 총 16대의 전투기 생산",2016-02-03
1187,러시아,"러, YAK-130 경공격기 방글라데시 판매 동향",2016-02-03
1188,아르헨티나,"아르헨티나, 전투기 구매 추진",2016-02-03
1189,러시아,러-인도간 다목적 헬기 Ka-226T 합작생산 추진,2016-02-03
1190,러시아,러·인도 간 방산협력 동향,2016-02-03
1191,중국,중국 5년내 제4세대 무장헬기 양산 계획,2015-10-28
1192,러시아,"러시아,  항공우주군 차세대 전투기(T-50) 개발동향",2015-10-28
1193,프랑스,"프랑스, 군 파마스 후속 소총 획득사업 추진",2015-10-28
1194,러시아,"러시아, 러시아-인도 합작으로 SU-30 성능개선 추진 동향",2015-10-28
1195,인도네시아,"인니, ‘16년 국방예산 감소에 따라 무기획득 감소 전망",2015-10-28
1196,이스라엘,"이스라엘, 신무기 개발 및 배치 동향",2015-10-28
1197,중국,중국 6000m급 심해잠수정 연구개발 성공,2015-10-28
1198,러시아,"러시아, 방글라데시에 YAK-130(훈련기) 16대 수출",2015-10-28
1199,러시아,"러시아,  방산업체 이르쿠트 항공, 기록적인 항공기 생산 예상",2015-10-28
1200,스리랑카,"싱가폴, 방산업체의 오만 해군 신형 함정 건조/인도",2015-10-28
1201,인도네시아,"인니, 공군 F-5 Tiger 전투기 대체기로 러시아산 Sukhoi-35기 결정",2015-10-28
1202,터키,"터키, 장거리미사일방어체계 획득사업 추진 최신 동향",2015-10-28
1203,벨라루스,"벨라루시, 무인정찰기 개발 동향",2015-10-28
1204,파키스탄,"파키스탄, 중국으로부터 잠수함 구매 최종 결정",2015-09-04
1205,폴란드,"폴란드, 슬로바키아 방산협력 동향",2015-09-04
1206,인도,"인도, 러시아로부터 호위함 도입",2015-09-04
1207,체코,"체코, 폴란드산 헬기 수리 목적 대규모 예산 배정",2015-09-04
1208,이스라엘,"이스라엘, 독일제 함정 도입",2015-01-21
1209,말레이시아,"말레이시아, 보병장갑차(8x8) 최초 인수",2015-01-21
1210,인도,"인도, 다목적 헬기 도입",2015-01-21
1211,아르헨티나,"아르헨티나, 군용차량 도입",2015-01-21
1212,베트남,"베트남, Kilo급 잠수함 인수",2015-01-21
1213,아르헨티나,"아르헨티나, 중국 및 러시아 전투기 도입 검토",2015-01-21
1214,리투아니아,"리투아니아, 휴대형 지대공 유도미사일 인수",2015-01-21
1215,폴란드,"폴란드, 파트리아사 차륜형 다목적장갑차  8×8  AMV 200대 발주",2015-01-20
1216,핀란드,"핀란드 파트리아(Patria)사, 콩스버그(Kongsberg)사와 공동사업 추진",2015-01-20
1217,인도,"인도, 중형 다목적 전투기(MMRCA) 사업 취소 암시",2015-01-20
1218,체코,"체코, 8×8 지휘장갑차 판두르 II 20대 발주 예정",2015-01-20
1219,덴마크,"덴마크, 장갑차용 RPG 장갑체계로  암세이프사의 타리안 선정",2015-01-20
1220,필리핀,"필리핀, 해병대 M14 저격용 소총을 신형 M40 7.62mm 플랫폼으로 교체 예정",2015-01-13
1221,인도네시아,"인도네시아, 자체 건조 강습함 실전배치",2015-01-13
1222,사우디아라비아,"사우디아라비아, 주력전차 M1A2 42대 성능개량계약 체결",2015-01-12
1223,아프가니스탄,"아프가니스탄, 주력전차 T-55 정비사업 협상 중",2015-01-12
1224,레바논,"레바논, IVECO사의 차륜형 장갑차 LMV - MPV - VBTP  구매계약체결",2015-01-12
1225,나이지리아,"나이지리아, 주력전차 T-72AV 및 병력수송장갑차 BTR-4E 구매 추정",2015-01-12
1226,노르웨이,"노르웨이, 보병전투장갑차 CV90용으로 덴마크 LED 탐조등 선정",2015-01-12
1227,폴란드,"폴란드, 무인지상차량 제안요청서 발표",2015-01-12
1228,핀란드,"핀란드, Patria사가 성능개량한 첫 번째 XA-180 병력수송장갑차 인수",2015-01-12
1229,우루과이,"우루과이, 이동식 국경 경계체계 인수 완료",2015-01-12
1230,인도,"인도, OTO Melara사의 127/64 LW 함포 선정",2015-01-12
1231,슬로바키아,"슬로바키아, C-27J 구매 계약 체결",2015-01-05
1232,폴란드,"폴란드, 연안미사일 대대 구매 추진",2015-01-05
1233,인도네시아,"인도네시아, 그리펜 전투기 구매 가능성",2015-01-05
1234,베트남,"베트남, 러시아 신형 프리킷 인수 예정",2015-01-05
1235,칠레,"칠레, 연안 초계함 건조 추진",2015-01-05
1236,칠레,"칠레, 소형 무인기 구매 추진",2015-01-05
1237,아르헨티나,"아르헨티나, 이스라엘 구형 전투기 구매 검토",2015-01-05
1238,인도,"인도, 7억 달러 규모의 군사장비 관련 제안 승인",2014-12-30
1239,나이지리아,"나이지리아, 공격용 소총 구매",2014-12-30
1240,네덜란드,"네덜란드, NS100 레이더 계약 체결",2014-12-30
1241,크로아티아,"크로아티아, 독일 PzH 2000 자주포 구매",2014-12-30
1242,리투아니아,"리투아니아, 폴란드 GROM MANPADS 방공체계 구매 예정",2014-12-30
1243,프랑스,"프랑스, Roquette NG 무기체계 도입",2014-12-29
1244,대만,"대만, 미국으로부터 UH-60 Black Hawk 중형 수송헬기 구매",2014-12-29
1245,터키,"터키 로켓산, 록히드마틴과 미사일 협정 체결",2014-12-17
1246,베트남,"베트남, 무레나 구입 예정",2014-12-17
1247,폴란드,"폴란드, 잠수함 도입 동향",2014-12-17
1248,앙골라,"앙골라, 브라질로터 경비정 도입",2014-12-17
1249,우루과이,"우루과이, 신규 훈련기 도입 가능성",2014-12-17
1250,나이지리아,"나이지리아, 파키스탄으로부터 JF-17 Thunder 전투기 구매 예상",2014-12-16
1251,인도,"인도, 다목적헬기로 시콜스키사의 S-70B Seahawk헬기 선정",2014-12-16
1252,불가리아,"불가리아, 미국으로부터 Phoenix 30 UAS 도입",2014-12-16
1253,뉴질랜드,"뉴질랜드, MEKO급 호위함용으로 라인메탈사의 MASS 선정",2014-12-16
1254,브라질,"브라질, Sea Ceptor 미사일을 차세대 초계함용 국지 방공무기로 선정",2014-12-11
1255,브라질,"브라질, 105mm포 탑재 기동포체계 획득사업 정상 추진 중",2014-12-11
1256,파키스탄,"파키스탄, 중국의 J-31 스텔스기 구매 희망",2014-12-10
1257,인도,"인도, 현행 105mm 경야포 대체를 위한 대규모 입찰 제안",2014-12-10
1258,수단,"수단, Kombo 미래병사체계로 중국의 QBZ-97 공격용 소총 선정",2014-12-10
1259,스페인,"스페인, 신형 탄약 계약 체결",2014-12-10
1260,체코,"체코, 이동식 방공레이더 획득 추진",2014-12-10
1261,오스트레일리아,"호주, 차세대 잠수함에 일본의 신형 추진시스템 적용 희망",2014-12-05
1262,노르웨이,"노르웨이, 미 Intergraph사와 지형지도제작 계약 체결",2014-12-05
1263,브라질,"브라질, Gripen 전투기 도입 수량 최종 확정",2014-12-05
1264,캐나다,"캐나다, Harris사와 전술무전기 계약 체결",2014-12-05
1265,파키스탄,"파키스탄, 중국의 J-31 스텔스기 구매 희망",2014-12-05
1266,오스트레일리아,"호주, 보잉사와 헬기승무원훈련체계(HATS) 관련 계약 체결",2014-12-05
1267,폴란드,"폴란드, 특수작전부대에 SCT Rubin 열상 조준경 보급 예정",2014-12-05
1268,인도네시아,"인도네시아-터키, 새로운 중형 전차 개발 합의",2014-12-01
1269,폴란드,"폴란드, 러시아에 대한 대응수단 구매",2014-12-01
1270,이라크,"이라크, 첨단정밀타격무기체계(APKWS) 도입 예정",2014-12-01
1271,말레이시아,"말레이시아, Land Rogue RCWS 인수",2014-12-01
1272,이집트,"이집트, 경기관총 및 권총 구매",2014-12-01
1273,인도네시아,"인도네시아, 대잠헬기 11대 구매",2014-11-27
1274,인도네시아,"인도네시아, EC725 중형수송헬기 첫 호기 인수",2014-11-27
1275,가봉,"가봉, 15A 포 설치대 및 NARWHAL RWS 구매",2014-11-27
1276,오스트레일리아,"호주, Cubic사와 ACMI훈련을 위한 계약 체결",2014-11-27
1277,폴란드,"폴란드, 궤도형 교량전차 MG-20 Daglezja-G 소량초도양산 입찰 착수",2014-11-24
1278,파키스탄,"파키스탄, 고속정 도입",2014-11-24
1279,레바논,"레바논, 프랑스의 CAESAR 155mm 차륜형 곡사포 등 무기 구매 예정",2014-11-24
1280,폴란드,"폴란드, 2016년에 Narew 단거리 방공체계 획득사업 시작 예정",2014-11-24
1281,인도,"인도, 이스라엘의 Spike 대전차 유도미사일 8,000발과 발사기 300대 구매 예정",2014-11-21
1282,폴란드,"폴란드, 9개 이동식 디지털 통신센터 획득 개시",2014-11-21
1283,폴란드,"폴란드, 주력전차 Leopard 2A5 추가분 인수",2014-11-21
1284,카타르,"카타르, Thales사로부터 군용위성통신체계 주문",2014-11-21
1285,핀란드,"핀란드, 새로운 전투기 사업 검토 착수",2014-11-06
1286,인도,"인도, 보병전투 장갑차 BMP-1 파워팩 성능개량 제안요청서 공표",2014-11-06
1287,에스토니아,"에스토니아, Javelin 유도미사일 구매 예정",2014-11-06
1288,에스토니아,"에스토니아, 보병전투 장갑차 CV90 구매 예정",2014-11-04
1289,브라질,"브라질, 미래 8×8 차륜형 중(中)형 정찰장갑차 기본 요구조건 승인",2014-11-04
1290,오스트레일리아,"호주, Nulka 체계에 대한 2,800만 호주달러 규모 계약 체결",2014-11-04
1291,독일,"독일 연방군, 신형 합동무선체계 획득",2014-11-04
1292,인도,"인도, AN-32기 성능개량 사업 10월말 입찰 예정",2014-11-04
1293,프랑스,"프랑스, 공군 훈련기 교체 계획",2014-11-03
1294,체코,"스웨덴, 체코 및 슬로바키아와 그리펜 전투기 개발 협력 협정서 서명",2014-11-03
1295,라트비아,"영국, 중고 장갑차 라트비아에 판매",2014-11-03
1296,앙골라,"브라질, 앙골라와 해군 현대화사업 MOU체결",2014-11-03
1297,체코,"헝가리, T-72탱크 체코에 판매",2014-11-03
1298,스위스,"스위스, 2025년경에 신형전투기 도입",2014-11-03
1299,폴란드,"프랑스, 對폴란드 대규모 방산수출 추진",2014-11-03
1300,태국,"태국 해군, EC645 T2 다목적중형헬기 5대 구매",2014-10-31
1301,오스트레일리아,"호주, 정찰장갑차 사업 추진",2014-10-31
1302,파키스탄,"파키스탄, 지뢰방호 장갑차 구매",2014-10-31
1303,페루,"페루, 9mm 권총 30,000정 획득 착수",2014-10-31
1304,페루,"페루, 구형 주력전차 T-55  교체용으로 러시아 T-90S 구매에 관심 표명",2014-10-31
1305,이스라엘,"이스라엘, M72 경대전차무기 발주",2014-10-31
1306,폴란드,"폴란드,  순항미사일 구매 추진",2014-10-29
1307,남아프리카공화국,"남아프리카공화국, 훈련 및 시뮬레이션 확대 예정",2014-10-29
1308,뉴질랜드,"뉴질랜드, 연안경비함(OPV)의 Typhoon 함포에 대한 수락시험 완료",2014-10-29
1309,베트남,"베트남, 고속상륙정 인도",2014-10-20
1310,영국,"영국, 해군 신형 연안경비함 건조 착수",2014-10-20
1311,노르웨이,"노르웨이, Saab사와 차세대 차량 시뮬레이터 계약 체결",2014-10-20
1312,헝가리,"헝가리, 체코에 T 72 전차 58대 매각",2014-10-20
1313,싱가포르,"싱가포르, 연안임무함(LMV) 선도함 기공식",2014-10-20
1314,영국,"영국, 육군용 차세대 궤도형 장갑차 SV Scout 589대 발주 예정",2014-10-20
1315,리투아니아,"리투아니아, 폴란드의 GROM 미사일 도입",2014-10-20
1316,멕시코,"멕시코, 네덜란드 Damen사와 함정 건조 계약 체결",2014-10-20
1317,체코,"체코 슬로바키아 헝가리, 신형 3-D 레이더 획득 추진",2014-10-20
1318,노르웨이,"노르웨이, 첫 CV90 공병장갑차 인수",2014-10-20
1319,라트비아,"라트비아, 영국의 잉여 전투장갑차 123대 구매",2014-10-20
1320,헝가리,"헝가리, Mistral 미사일체계 성능개량 계약 체결",2014-10-17
1321,브라질,"남미국가연합, 기본 훈련기 공동 생산",2014-10-02
1322,알제리,"알제리, 해군 함정 인도 예정",2014-10-02
1323,칠레,"칠레, 해군 경비함 진수",2014-10-02
1324,알제리,"알제리, 무기구매 동향",2014-10-02
1325,차드,"차드, 추가 수송기 인도 예정",2014-10-02
1326,오스트레일리아,"호주, 해군 잠수함 사업 동향",2014-10-02
1327,아랍에미리트,"UAE, 군용차량 자체 생산",2014-09-25
1328,과테말라,"과테말라, 브라질 Super Tucano 경전투기 도입 취소 완전 매듭",2014-09-25
1329,베트남,"베트남 해안경비대(CSBV), 해안경비용 헬기 도입 임박",2014-09-23
1330,터키,"터키, 플라스틱 폭탄, 탄두, 항공 폭약을 자체 생산",2014-09-23
1331,터키,"터키, 록히드 마틴 社의 F-35A 전투기를 2기 주문 예정",2014-09-23
1332,터키,"터키, 자국산 급습정(상륙용 쾌속 공격정)의 10척 도입",2014-09-23
1333,터키,"터키, 자국산 탱크생산 계약",2014-09-23
1334,터키,"터키, 미국으로부터 3억2천만 달러 규모의 공대공 미사일 도입",2014-09-23
1335,터키,"터키, 미국산 신형 중거리 공대공 미사일 도입 예정",2014-09-23
1336,필리핀,"필리핀, 해상방어능력 증강 추진",2014-09-23
1337,폴란드,"폴란드, 대공미사일 방어시스템 구축 계획",2014-09-23
1338,브라질,"브라질, 해양 감시 프로젝트 추진",2014-09-23
1339,터키,"터키, 장거리공중미사일방어체계(T-LORAMIDS) 구축사업 계획에 혼선",2014-09-23
1340,터키,"터키, 무인항공기 개발 성공",2014-09-23
1341,터키,"터키, 터키산 차세대 전투기에 외국산 엔진장착 결정",2014-09-23
1342,칠레,"칠레, 쇄빙선 수입 대신 국내제작 가능성 높아져",2014-09-23
1343,칠레,"칠레 경찰, 무인정찰기 도입 추진",2014-09-23
1344,칠레,"칠레, 개인화기 선정",2014-09-23
1345,베트남,"베트남, C-295 AEW(조기경보기) 도입 가능성 제기",2014-09-22
1346,베트남,"베트남 해군, Camcopter S-100 무인 헬기 구입위해 협상 중",2014-09-22
1347,온두라스,"온두라스, 공군 경전투기 신규 도입 및 리모델링 추진",2014-09-22
1348,아랍에미리트,"UAE군, 지상전술 데이터링크체계 구매",2014-09-06
1349,오스트레일리아,"호주의 차세대 잠수함 사업, 일본 잠수함 구매로 기울어",2014-09-06
1350,리투아니아,"리투아니아, 보병전투 장갑차 획득사업에 EU 지침 적용 배제",2014-09-06
1351,오스트레일리아,"호주, Supacat사와  특수전부대용 차량 계약 체결",2014-09-06
1352,아제르바이잔,"아제르바이잔, 이스라엘로부터 신형 경비함 구매",2014-09-06
1353,이스라엘,"이스라엘, Dolphin Ⅱ급 신형 잠수함 독일로부터 인수",2014-09-06
1354,인도네시아,"인도네시아 해군, KCR-60M급 유도탄함 인수",2014-09-06
1355,덴마크,"덴마크, 차세대전투기 획득사업 재개",2014-09-05
1356,오스트레일리아,"호주, 해군 미래 잠수함 사업 동향",2014-09-05
1357,브루나이,"브루나이, 공군헬기 퇴역",2014-09-05
1358,페루,"페루, 캐나다産 장갑차 구매",2014-09-05
1359,탄자니아,"탄자니아, 전투식량 구매 관심",2014-09-05
1360,영국,"영국, 연안 초계함 3척 건조 확정",2014-09-05
1361,베트남,"베트남, 제3호 Kilo급 잠수함 획득",2014-09-05
1362,필리핀,"필리핀, Frigate 사업 동향",2014-09-05
1363,폴란드,"레이시온사, 폴란드의 WISLA 경쟁입찰사업 참여",2014-09-01
1364,필리핀,"필리핀,  Elbit사와 병력수송 장갑차 성능개량계약 체결",2014-09-01
1365,카타르,"카타르, 라팔기 수입 가능성 제기",2014-09-01
1366,프랑스,"프랑스 육군, 생체리듬 감지 센서 착용 예정",2014-09-01
1367,폴란드,폴란드 경비함 사업 동향,2014-09-01
1368,미얀마,"미얀마 공군, JF-17 전투기 구매 예정",2014-09-01
1369,멕시코,"멕시코, BAE사와 57mm 해군 함포 계약 체결",2014-09-01
1370,체코,"체코, 새로운 지휘용 장갑차로 8x8 Pandur 고려 중",2014-09-01
1371,영국,"영 육군, 미래 교량체계 사업 착수 예정",2014-09-01
1372,인도네시아,"인도네시아 해군, 프랑스로부터 연안 방어 지원함 2척 구매",2014-09-01
1373,오스트레일리아,"호주, 국가안보 강화 위해 BAE사와 빅 데이터 연구 시작",2014-09-01
1374,리투아니아,"리투아니아, 폴란드에서 GROM MANPADS 개인휴대형 방공체계 구매 예정",2014-09-01
1375,영국,"영 육군, 프랑스 차륜형 보병전투 장갑차 VBCI 시험 예정",2014-09-01
1376,스웨덴,"스웨덴, KMW사와 교량전차  LEGUAN 3대 구매 계약 체결",2014-09-01
1377,콜롬비아,"콜롬비아 육군, Nexter System사의 신형 LG1 Mk III 105mm 경포 보급",2014-09-01
1378,싱가포르,"싱가포르, 합동정밀직격탄(JDAM) 키트 구매 예정",2014-09-01
1379,인도,"인도, 미국으로부터 M777 초경량 곡사포 145문 구매계약 체결",2014-09-01
1380,베트남,"베트남, 자체 건조 Molniya급 고속미사일함 2척 취역",2014-09-01
1381,아르헨티나,"아르헨티나, 신형 UAV 개발",2014-09-01
1382,덴마크,"덴마크, 차세대 전투기사업 신청기종 확정",2014-09-01
1383,에스토니아,"에스토니아, Javelin 대전차유도무기 구매 추진",2014-09-01
1384,폴란드,"폴란드 WZM사, Patria사와 병력수송 장갑차 Rosomak 신규 라이센스 계약 체결",2014-09-01
1385,브라질,"브라질, 신형 핵추진잠수함 건조 추진",2014-09-01
1386,영국,BAE사. 영국 해군의 Type 26 호위함 개발 사업에 참여할 새로운 업체 선정,2014-09-01
1387,러시아,"러시아, 공수부대에 신형 Verba MANPADS 휴대용 대공방어미사일체계 배치",2014-09-01
1388,방글라데시,"파키스탄 HIT사, 방글라데시 주력전차 성능개량 제안",2014-09-01
1389,이집트,"DCNS사, 이집트와 10억 유로 규모의 초계함 공급 계약 체결",2014-09-01
1390,파키스탄,"파키스탄 해군, Azmat급 2번함 ‘Dehshat’함 취역",2014-09-01
1391,스웨덴,"스웨덴, 독일 RMMV사에 군용 군수 트럭 발주",2014-09-01
1392,미얀마,"미얀마, 우크라이나제8x8 병력수송 장갑차  BTR-3U 국내 생산 시작",2014-09-01
1393,사우디아라비아,"스위스 Pilatus사, 사우디아라비아에 PC-21 훈련기 인도",2014-09-01
1394,네덜란드,"네덜란드 해군, 잠수함 교체 구상 착수",2014-09-01
1395,인도,"인도 해군, 대잠전용 함정 구매 계획 발표",2014-09-01
1396,슬로바키아,"슬로바키아 및 체코, 신형 보병전투 장갑차 Sakal 공개",2014-09-01
1397,말리,"말리주둔 UN군, 무인정찰기 확보 계획",2014-09-01
1398,알제리,"독일 방산업체, 대 알제리 전차수출",2014-09-01
1399,인도,"인도 해군, 조만간 대형 구축함 Kolkata함 인수",2014-09-01
1400,요르단,"Airbus사와 ATK사, 요르단 공군의 C-295 수송기 공격형 모델 개발",2014-09-01
1401,브라질,"브라질,  병력수송 장갑차 M113  성능개량 키트 미국에 요청",2014-09-01
1402,아일랜드,"스웨덴 Saab사, 아일랜드와 RBS 70 성능개량  계약 체결",2014-09-01
1403,파라과이,"파라과이 공군, 항공전력 증강 추진",2014-09-01
1404,불가리아,"불가리아, 10파운드급 감시용 무인기 획득 계획",2014-09-01
1405,리투아니아,"리투아니아, 휴대형 지대공 유도탄 구매",2014-09-01
1406,아제르바이잔,"아제르바이잔, 러시아제 주력전차 T-90 100대 추가 구매 가능",2014-09-01
1407,말레이시아,"말레이시아 해군, 2세대 초계함 형상 첫 공개",2014-09-01
1408,베네수엘라,"베네수엘라, 중국제 8x8 병력수송 장갑차 VN-1 인수",2014-09-01
1409,사우디아라비아,"미 시콜스키사, 사우디아라비아와 UH-60M 헬기 12대 공급 계약",2014-09-01
1410,우크라이나,"우크라이나 군, 신형 8x8  120mm 박격포 탑재 장갑차 인수 예정",2014-09-01
1411,우크라이나,"우크라이나 육군, 신형 Bastion-1 122mm 다연장 로켓체계(MLRS) 수령 예정",2014-09-01
1412,폴란드,"이탈리아 Oto Melara사, 폴란드에 HITFIST 포탑 수주계약",2014-09-01
1413,인도네시아,"인도네시아, Klewang급 스텔스 초계함 4척 건조 재 착수",2014-09-01
1414,우루과이,"브라질, 우루과이에 성능개량형 경(輕)전차 증여 예정",2014-09-01
1415,그리스,"그리스, Rheinmetall사의 Leopard 2 전차 탄약 주문",2014-09-01
1416,러시아,"러 공군, '14년 100여대 신형 전투기 인수 예정",2014-09-01
1417,스웨덴,"스웨덴 사브, 향후 10년 간 그리펜 전투기 400대 판매 계획",2014-09-01
1418,브라질,"스웨덴, 브라질 차세대 전투기 사업 양해각서 체결",2014-09-01
1419,터키,"터키, 미국으로부터 AIM-120C-7 AMRAAM 구매 요청",2014-09-01
1420,엘살바도르,"칠레 공군 A-37기, 엘살바도르 판매",2014-09-01
1421,인도,"인도 공군, 러시아로부터 A-50 공중조기경보통제기 3대 추가 구매 계획",2014-09-01
1422,브라질,"러시아, 브라질과 Pantsir-S1 단거리 방공체계 공급 계약 체결 예상",2014-09-01
1423,아제르바이잔,"아제르바이잔, 러시아 TOS-1A 등 신형 군사장비 인수 예정",2014-09-01
1424,바레인,"바레인, 러시아에 최신 Kornet 대전차 유도미사일(ATGW) 발주",2014-09-01
1425,스웨덴,스웨덴 SAAB사 독일 ThyssenKrupp Marine Systems 인수,2014-09-01
1426,브라질,"사브社, 브라질 그리펜 사업에 스위스 부품업체 참여 발표",2014-09-01
1427,브라질,"이탈리아 AW사, 브라질 해군 헬기 현대화 사업 계약체결",2014-09-01
1428,독일,독일-프랑스 방위산업체 합병,2014-09-01
1429,리투아니아,"리투아니아, 보병전투 장갑차 획득사업 시작",2014-09-01
1430,베트남,"베트남, Airbus DS사의 C295 수송기 2015년부터 운용",2014-09-01
1431,스웨덴,"BAE Systems사, 스웨덴 군에서 2P 탄약 수주",2014-09-01
1432,소말리아,"아프리카연합 소말리아평화유지군, Casspir 앰뷸런스 인수",2014-09-01
1433,우크라이나,"우크라이나, 현대화한  주력전차 T-64 및 T-72 인수 예정",2014-09-01
1434,핀란드,"핀란드 육군, Elektrobit사와 전술 무선 IP 네트워크체계 계약 체결",2014-09-01
1435,아제르바이잔,"아제르바이잔, Paramount Group사로부터 4x4 장갑차 Matador 및 Marauder 2차분 인수",2014-09-01
1436,크로아티아,"크로아티아, PzH 2000 155mm 중고 자주포 12대 구매 예정",2014-09-01
1437,이집트,"이집트, 병력수송 장갑차 BTR-50 성능개량 작업 완료 임박",2014-09-01
1438,이라크,"이라크, AGM-114K/N/R Hellfire 미사일 및 관련 장비 구매 예정",2014-09-01
1439,인도,"인도 공군, BAE Systems사와 탄약 공급 계약 체결",2014-09-01
1440,인도,"인도, 현대식 탄  방호 가능한 신형 주력전차 개발 착수",2014-09-01
1441,아제르바이잔,"벨로루시의 TETRAEDR사, T38 Stilet 방공미사일체계 아제르바이잔에 인도",2014-09-01
1442,인도네시아,"인도네시아, 미국으로부터 F-16 전투기 3대 인수",2014-09-01
1443,인도네시아,"인도네시아, KCR-40급 미사일함 4척 금년 9월 진수",2014-09-01
1444,멕시코,"멕시코 해군, BeechCraft사의 King Air 350ER 초계기 초호기 인수",2014-09-01
