부령조항과,부령조항,질병명,계,4급,5급,6급
내과,757 019-나,당뇨병,1,0,1,0
내과,851 019-가,당뇨병,1,1,0,0
내과,851 033-다,사구체신염,1,0,1,0
내과,872 006-라-1),척추관절병증,1,1,0,0
내과,872 011-가-2)-가),그레이브씨병,6,6,0,0
내과,872 019-가,당뇨병,55,55,0,0
내과,872 019-나,당뇨병,6,0,6,0
내과,872 019-다,당뇨병,1,0,1,0
내과,872 023-다,철결핍 및 2차성 빈혈,1,0,1,0
내과,872 028-가-2),자반증,1,0,1,0
내과,872 033-나-2),사구체신염,3,3,0,0
내과,872 033-나-4),사구체신염,1,0,1,0
내과,872 033-다,사구체신염,2,0,2,0
내과,872 035-가,신증후군,1,1,0,0
내과,872 039-다,만성 폐쇄성 폐질환,1,0,1,0
내과,872 040-다,기관지 천식,5,5,0,0
내과,872 047-가,미주신경성 실신,1,1,0,0
내과,872 048-다,본태성 고혈압,3,3,0,0
내과,872 052-다-2),부정맥,1,1,0,0
내과,872 064-나-2),염증성 장질환,1,0,1,0
내과,872 068-나-2),간염,2,2,0,0
내과,872 068-나-3),간염,1,1,0,0
내과,907 006-다-4)-나),자가면역질환,1,1,0,0
내과,907 006-라-1),척추관절병증,10,10,0,0
내과,907 006-라-2),척추관절병증,12,0,12,0
내과,907 009-가,면역결핍질환,2,0,0,2
내과,907 011-가-2)-가),그레이브씨병,24,24,0,0
내과,907 011-가-2)-나)-(2),그레이브씨병,1,1,0,0
내과,907 012-나,갑상선기능저하증,3,3,0,0
내과,907 016-나,뇌하수체 기능저하증,2,0,2,0
내과,907 019-가,당뇨병,252,252,0,0
내과,907 019-나,당뇨병,13,0,13,0
내과,907 019-다,당뇨병,5,0,5,0
내과,907 022-가,그 밖에 확인된 내분비·대사·유전·면역질환,4,4,0,0
내과,907 022-나,그 밖에 확인된 내분비·대사·유전·면역질환,1,0,1,0
내과,907 024,재생불량성 빈혈,4,0,0,4
내과,907 026-가,만성 골수 증식성 질환,1,0,1,0
내과,907 026-나-1),만성 골수 증식성 질환,4,4,0,0
내과,907 027-가,혈액응고장애,1,1,0,0
내과,907 027-나,혈액응고장애,1,0,0,1
내과,907 027-다,혈액응고장애,1,0,0,1
내과,907 028-가-2),자반증,23,0,23,0
내과,907 029,백혈병,3,0,0,3
내과,907 033-나-2),사구체신염,45,45,0,0
내과,907 033-나-3),사구체신염,5,5,0,0
내과,907 033-나-4),사구체신염,12,0,12,0
내과,907 033-다,사구체신염,7,0,7,0
내과,907 035-가,신증후군,1,1,0,0
내과,907 036-가,만성신부전,7,0,7,0
내과,907 040-다,기관지 천식,68,68,0,0
내과,907 040-마,기관지 천식,11,11,0,0
내과,907 042-다-4),흉막염,1,0,1,0
내과,907 044-가-4),폐결핵,1,0,1,0
내과,907 047-가,미주신경성 실신,9,9,0,0
내과,907 048-다,본태성 고혈압,53,53,0,0
내과,907 051-나,조기흥분증후군,1,1,0,0
내과,907 052-라-2),부정맥,1,1,0,0
내과,907 052-마-3),부정맥,2,0,2,0
내과,907 056-가-1)-나),심장판막질환,1,0,1,0
내과,907 056-나-1)-다),심장판막질환,2,0,2,0
내과,907 057-가,선천성 심장질환,6,6,0,0
내과,907 057-나-2),선천성 심장질환,1,1,0,0
내과,907 057-라,선천성 심장질환,3,3,0,0
내과,907 058-라,확진된 관상동맥경화증·협심증·심근경색증 또는 전색,1,0,1,0
내과,907 060-나-2),심근질환,4,0,0,4
내과,907 063-가,식도협착,1,1,0,0
내과,907 063-나,식도협착,1,0,1,0
내과,907 064-나-1),염증성 장질환,1,1,0,0
내과,907 064-나-2),염증성 장질환,47,0,47,0
내과,907 068-나-2),간염,21,21,0,0
내과,907 068-나-3),간염,26,26,0,0
내과,907 068-다-2),지방간,35,35,0,0
내과,907 068-라-2),간염,2,2,0,0
내과,907 068-라-3),간염,1,1,0,0
내과,907 068-라-4),간염,1,0,1,0
내과,907 069-가,간경변증,1,0,1,0
내과,907 070-나,윌슨씨병 또는 헤모크로마토시스의 경우,1,0,0,1
내과,907 073-다-1),담도 또는 담낭질환,1,1,0,0
내과,907 074-다,췌장염,1,1,0,0
내과,907 079-나,아나필락시스,2,2,0,0
내과,950 006-가,자가면역질환,5,0,5,0
내과,950 006-나,자가면역질환,13,0,0,13
내과,950 006-다-1),자가면역질환,7,7,0,0
내과,950 006-다-2),자가면역질환,6,0,6,0
내과,950 006-다-4)-나),자가면역질환,16,16,0,0
내과,950 006-다-4)-다),자가면역질환,3,0,3,0
내과,950 006-다-4)-라),자가면역질환,2,0,0,2
내과,950 006-라-1),척추관절병증,39,39,0,0
내과,950 006-라-2),척추관절병증,71,0,71,0
내과,950 006-라-3),척추관절병증,1,0,0,1
내과,950 009-가,면역결핍질환,7,0,0,7
내과,950 009-나-2),면역결핍질환,2,0,2,0
내과,950 009-나-3),면역결핍질환,3,0,3,0
내과,950 011-가-2)-가),그레이브씨병,74,74,0,0
내과,950 011-가-2)-나)-(1),그레이브씨병,1,1,0,0
내과,950 011-가-2)-나)-(2),그레이브씨병,1,1,0,0
내과,950 012-나,갑상선기능저하증,42,42,0,0
내과,950 015-나,요붕증,8,0,8,0
내과,950 016-가,뇌하수체 기능저하증,2,2,0,0
내과,950 016-나,뇌하수체 기능저하증,12,0,12,0
내과,950 019-가,당뇨병,162,162,0,0
내과,950 019-나,당뇨병,22,0,22,0
내과,950 019-다,당뇨병,96,0,96,0
내과,950 020-다,통풍,2,2,0,0
내과,950 021,기능성 내분비계 종양 또는 증식증,1,0,1,0
내과,950 022-가,그 밖에 확인된 내분비·대사·유전·면역질환,14,14,0,0
내과,950 022-나,그 밖에 확인된 내분비·대사·유전·면역질환,22,0,22,0
내과,950 024,재생불량성 빈혈,31,0,0,31
내과,950 025-나,용혈성 빈혈,13,0,13,0
내과,950 025-다,용혈성 빈혈,2,0,2,0
내과,950 026-가,만성 골수 증식성 질환,1,0,1,0
내과,950 026-나-1),만성 골수 증식성 질환,1,1,0,0
내과,950 026-나-2),만성 골수 증식성 질환,1,0,0,1
내과,950 027-가,혈액응고장애,6,6,0,0
내과,950 027-나,혈액응고장애,27,0,0,27
내과,950 027-다,혈액응고장애,2,0,0,2
내과,950 028-가-2),자반증,47,0,47,0
내과,950 028-나-3),자반증,1,0,1,0
내과,950 029,백혈병,107,0,0,107
내과,950 029의2,골수이형성증후군,3,0,0,3
내과,950 030,악성 림프종,58,0,0,58
내과,950 031-나,무과립백혈구증,1,0,1,0
내과,950 032,관해 후 5년 이상 경과한 혈액암,30,0,30,0
내과,950 033-나-2),사구체신염,171,171,0,0
내과,950 033-나-3),사구체신염,15,15,0,0
내과,950 033-나-4),사구체신염,2,0,2,0
내과,950 033-다,사구체신염,16,0,16,0
내과,950 035-가,신증후군,30,30,0,0
내과,950 035-나,신증후군,18,0,18,0
내과,950 036-가,만성신부전,22,0,22,0
내과,950 036-나,만성신부전,2,0,0,2
내과,950 038-나,기관지 확장증 및 범발성 세기관지염,9,9,0,0
내과,950 038-라,기관지 확장증 및 범발성 세기관지염,1,0,0,1
내과,950 039-다,만성 폐쇄성 폐질환,1,0,1,0
내과,950 039-라,만성 폐쇄성 폐질환,1,0,0,1
내과,950 040-다,기관지 천식,171,171,0,0
내과,950 040-마,기관지 천식,34,34,0,0
내과,950 043-나,미만성 간질성 폐질환(DILD),1,0,0,1
내과,950 044-가-3),폐결핵,1,1,0,0
내과,950 044-다-2),폐결핵,1,0,1,0
내과,950 044-다-3),폐결핵,1,1,0,0
내과,950 044-다-4),폐결핵,6,0,6,0
내과,950 047-가,미주신경성 실신,90,90,0,0
내과,950 048-다,본태성 고혈압,9,9,0,0
내과,950 051-나,조기흥분증후군,21,21,0,0
내과,950 052-나-3)-나),부정맥,2,0,2,0
내과,950 052-다-2),부정맥,2,2,0,0
내과,950 052-라-2),부정맥,9,9,0,0
내과,950 052-마-1),부정맥,2,2,0,0
내과,950 052-마-2),부정맥,3,0,3,0
내과,950 052-마-3),부정맥,7,0,7,0
내과,950 052-바-1),부정맥,2,2,0,0
내과,950 052-사,부정맥,6,0,0,6
내과,950 054-다,방실자극 전도장애,5,0,0,5
내과,950 055-다-1),전도장애,1,1,0,0
내과,950 055-마,전도장애,4,0,0,4
내과,950 056-가-1)-가),심장판막질환,2,2,0,0
내과,950 056-가-2)-나),심장판막질환,1,1,0,0
내과,950 056-나-1)-나),심장판막질환,11,11,0,0
내과,950 056-나-1)-다),심장판막질환,7,0,7,0
내과,950 056-나-1)-라),심장판막질환,1,0,0,1
내과,950 056-다-2),심장판막질환,5,5,0,0
내과,950 057-가,선천성 심장질환,79,79,0,0
내과,950 057-나-2),선천성 심장질환,13,13,0,0
내과,950 057-라,선천성 심장질환,16,16,0,0
내과,950 058-가-2),확진된 관상동맥경화증·협심증·심근경색증 또는 전색,2,2,0,0
내과,950 058-나-2),확진된 관상동맥경화증·협심증·심근경색증 또는 전색,1,0,1,0
내과,950 058-다-1),확진된 관상동맥경화증·협심증·심근경색증 또는 전색,1,0,1,0
내과,950 058-라,확진된 관상동맥경화증·협심증·심근경색증 또는 전색,1,0,1,0
내과,950 058-마-1),확진된 관상동맥경화증·협심증·심근경색증 또는 전색,3,3,0,0
내과,950 058-마-2),확진된 관상동맥경화증·협심증·심근경색증 또는 전색,3,0,3,0
내과,950 060-나-2),심근질환,6,0,0,6
내과,950 060-다,심근질환,3,0,0,3
내과,950 063-가,식도협착,1,1,0,0
내과,950 063-나,식도협착,1,0,1,0
내과,950 064-나-1),염증성 장질환,2,2,0,0
내과,950 064-나-2),염증성 장질환,250,0,250,0
내과,950 066-나,"위장관병의 과거력이 수 회 있고, 현재 증상이 뚜렷하며 검사로 확진되는 경우",2,2,0,0
내과,950 068-나-2),간염,10,10,0,0
내과,950 068-나-3),간염,43,43,0,0
내과,950 068-라-3),간염,1,1,0,0
내과,950 068-라-4),간염,1,0,1,0
내과,950 069-가,간경변증,1,0,1,0
내과,950 069-나,간경변증,2,0,0,2
내과,950 070-가,윌슨씨병 또는 헤모크로마토시스의 경우,8,0,8,0
내과,950 070-나,윌슨씨병 또는 헤모크로마토시스의 경우,4,0,0,4
내과,950 074-나-1),췌장염,2,0,2,0
내과,950 078-나-1),랑게르한스 조직구증,7,7,0,0
내과,950 078-나-2),랑게르한스 조직구증,2,0,2,0
내과,950 079-가,아나필락시스,6,0,6,0
내과,950 079-나,아나필락시스,26,26,0,0
내과,950 079-다,아나필락시스,10,10,0,0
내과,968 006-가,자가면역질환,2,0,2,0
내과,968 006-나,자가면역질환,3,0,0,3
내과,968 006-다-1),자가면역질환,3,3,0,0
내과,968 006-다-2),자가면역질환,2,0,2,0
내과,968 006-다-4)-나),자가면역질환,3,3,0,0
내과,968 006-다-4)-다),자가면역질환,2,0,2,0
내과,968 006-라-1),척추관절병증,6,6,0,0
내과,968 006-라-2),척추관절병증,23,0,23,0
내과,968 006-라-3),척추관절병증,24,0,0,24
내과,968 009-가,면역결핍질환,4,0,0,4
내과,968 011-가-2)-가),그레이브씨병,36,36,0,0
내과,968 012-나,갑상선기능저하증,11,11,0,0
내과,968 014,애디슨씨병,1,0,1,0
내과,968 015-나,요붕증,1,0,1,0
내과,968 016-가,뇌하수체 기능저하증,1,1,0,0
내과,968 016-나,뇌하수체 기능저하증,1,0,1,0
내과,968 019-가,당뇨병,178,178,0,0
내과,968 019-나,당뇨병,21,0,21,0
내과,968 019-다,당뇨병,40,0,40,0
내과,968 022-가,그 밖에 확인된 내분비·대사·유전·면역질환,4,4,0,0
내과,968 022-나,그 밖에 확인된 내분비·대사·유전·면역질환,9,0,9,0
내과,968 023-다,철결핍 및 2차성 빈혈,1,0,1,0
내과,968 024,재생불량성 빈혈,12,0,0,12
내과,968 025-나,용혈성 빈혈,1,0,1,0
내과,968 025-다,용혈성 빈혈,1,0,1,0
내과,968 026-가,만성 골수 증식성 질환,1,0,1,0
내과,968 026-나-1),만성 골수 증식성 질환,2,0,2,0
내과,968 026-다,만성 골수 증식성 질환,1,0,0,1
내과,968 027-가,혈액응고장애,3,0,3,0
내과,968 027-나,혈액응고장애,8,0,0,8
내과,968 027-다,혈액응고장애,1,0,0,1
내과,968 028-가-2),자반증,25,0,25,0
내과,968 029,백혈병,30,0,0,30
내과,968 029의2,골수이형성증후군,1,0,0,1
내과,968 030,악성 림프종,6,0,0,6
내과,968 032,관해 후 5년 이상 경과한 혈액암,7,0,7,0
내과,968 033-나-2),사구체신염,58,58,0,0
내과,968 033-나-3),사구체신염,3,3,0,0
내과,968 033-나-4),사구체신염,5,0,5,0
내과,968 033-다,사구체신염,5,0,5,0
내과,968 035-가,신증후군,6,6,0,0
내과,968 035-나,신증후군,9,0,9,0
내과,968 036-가,만성신부전,9,0,9,0
내과,968 036-나,만성신부전,2,0,0,2
내과,968 038-나,기관지 확장증 및 범발성 세기관지염,2,2,0,0
내과,968 039-다,만성 폐쇄성 폐질환,2,0,2,0
내과,968 040-다,기관지 천식,95,95,0,0
내과,968 040-라,기관지 천식,1,0,1,0
내과,968 040-마,기관지 천식,13,13,0,0
내과,968 044-가-3),폐결핵,1,1,0,0
내과,968 047-가,미주신경성 실신,39,39,0,0
내과,968 048-다,본태성 고혈압,32,32,0,0
내과,968 049-가,본태성 고혈압의 2차적 병변,1,0,1,0
내과,968 051-나,조기흥분증후군,3,3,0,0
내과,968 052-나-3)-나),부정맥,1,0,1,0
내과,968 052-다-2),부정맥,4,4,0,0
내과,968 052-라-2),부정맥,1,1,0,0
내과,968 052-마-1),부정맥,4,4,0,0
내과,968 052-마-2),부정맥,1,0,1,0
내과,968 052-마-3),부정맥,3,0,3,0
내과,968 052-사,부정맥,2,0,0,2
내과,968 055-마,전도장애,2,0,0,2
내과,968 056-가-1)-가),심장판막질환,1,1,0,0
내과,968 056-가-1)-나),심장판막질환,2,0,2,0
내과,968 056-나-1)-나),심장판막질환,1,1,0,0
내과,968 056-나-1)-다),심장판막질환,5,0,5,0
내과,968 056-나-1)-라),심장판막질환,2,0,0,2
내과,968 056-다-2),심장판막질환,1,1,0,0
내과,968 057-가,선천성 심장질환,20,20,0,0
내과,968 057-나-2),선천성 심장질환,6,6,0,0
내과,968 057-라,선천성 심장질환,5,5,0,0
내과,968 058-마-2),확진된 관상동맥경화증·협심증·심근경색증 또는 전색,1,0,1,0
내과,968 060-나-2),심근질환,6,0,0,6
내과,968 063-가,식도협착,1,1,0,0
내과,968 064-나-2),염증성 장질환,133,0,133,0
내과,968 066-나,"위장관병의 과거력이 수 회 있고, 현재 증상이 뚜렷하며 검사로 확진되는 경우",3,3,0,0
내과,968 068-나-2),간염,10,10,0,0
내과,968 068-나-3),간염,25,25,0,0
내과,968 068-라-3),간염,2,2,0,0
내과,968 068-라-4),간염,1,0,1,0
내과,968 069-나,간경변증,1,0,0,1
내과,968 070-가,윌슨씨병 또는 헤모크로마토시스의 경우,3,0,3,0
내과,968 070-나,윌슨씨병 또는 헤모크로마토시스의 경우,3,0,0,3
내과,968 074-다,췌장염,2,2,0,0
내과,968 075-나,비장비대,1,0,1,0
내과,968 078-나,랑게르한스 조직구증,2,0,2,0
내과,968 079-가,아나필락시스,5,5,0,0
내과,968 079-나,아나필락시스,4,0,4,0
신경과,872 080-다-1),경련성 질환,2,2,0,0
신경과,872 080-다-2),경련성 질환,5,0,5,0
신경과,872 080-라,경련성 질환,8,0,8,0
신경과,872 081-나-2)-가),이상운동증,1,1,0,0
신경과,907 080-다-1),경련성 질환,22,22,0,0
신경과,907 080-다-2),경련성 질환,49,0,49,0
신경과,907 080-라,경련성 질환,126,0,126,0
신경과,907 081-나-2)-가),이상운동증,16,16,0,0
신경과,907 084-나-1),뇌졸중,2,0,2,0
신경과,907 086-나-2),중추신경계의 선천성 질환·퇴행성 질환·염증성 탈수초성 질환 또는 대사성 질환,3,3,0,0
신경과,907 086-다,중추신경계의 선천성 질환·퇴행성 질환·염증성 탈수초성 질환 또는 대사성 질환,6,0,6,0
신경과,907 086-라,중추신경계의 선천성 질환·퇴행성 질환·염증성 탈수초성 질환 또는 대사성 질환,1,0,0,1
신경과,907 088-다-3),다발성 말초신경계 질환,1,0,1,0
신경과,907 088-라-2),다발성 말초신경계 질환,1,1,0,0
신경과,907 089-가,중증근무력증,1,1,0,0
신경과,907 089-나,중증근무력증,1,0,1,0
신경과,907 089-다,중증근무력증,1,0,0,1
신경과,907 090-다-1),근질환,4,0,4,0
신경과,907 090-다-2),근질환,1,0,0,1
신경과,907 091-가,운동신경원성 질환,4,0,4,0
신경과,950 080-다-1),경련성 질환,8,8,0,0
신경과,950 080-다-2),경련성 질환,44,0,44,0
신경과,950 080-라,경련성 질환,275,0,275,0
신경과,950 080-마,경련성 질환,1,0,0,1
신경과,950 081-가-2)-나),이상운동증,2,2,0,0
신경과,950 081-나-2)-가),이상운동증,22,22,0,0
신경과,950 082-나-2),중추신경계의 감염성질환,1,1,0,0
신경과,950 083-나,수막 및 중추신경계의 결핵,1,0,1,0
신경과,950 084-가-1),뇌졸중,3,3,0,0
신경과,950 084-가-2),뇌졸중,3,0,3,0
신경과,950 084-나-1),뇌졸중,5,0,5,0
신경과,950 085-가,다발성 경화증,1,1,0,0
신경과,950 085-나,다발성 경화증,1,0,1,0
신경과,950 085-다-1),다발성 경화증,1,0,1,0
신경과,950 086-나-2),중추신경계의 선천성 질환·퇴행성 질환·염증성 탈수초성 질환 또는 대사성 질환,16,16,0,0
신경과,950 086-다,중추신경계의 선천성 질환·퇴행성 질환·염증성 탈수초성 질환 또는 대사성 질환,17,0,17,0
신경과,950 088-다-1),다발성 말초신경계 질환,2,0,2,0
신경과,950 088-다-3),다발성 말초신경계 질환,8,0,8,0
신경과,950 088-라-3)-가),다발성 말초신경계 질환,2,0,2,0
신경과,950 089-가,중증근무력증,6,6,0,0
신경과,950 089-나,중증근무력증,2,0,2,0
신경과,950 090-가-2)-가),근질환,4,4,0,0
신경과,950 090-가-2)-나),근질환,3,0,3,0
신경과,950 090-나-2),근질환,2,0,2,0
신경과,950 090-다-1),근질환,16,0,16,0
신경과,950 091-가,운동신경원성 질환,12,0,12,0
신경과,950 091-나-1),운동신경원성 질환,2,0,2,0
신경과,968 080-다-1),경련성 질환,7,7,0,0
신경과,968 080-다-2),경련성 질환,47,0,47,0
신경과,968 080-라,경련성 질환,184,0,184,0
신경과,968 081-가-2)-나),이상운동증,1,1,0,0
신경과,968 081-나-2)-가),이상운동증,17,17,0,0
신경과,968 081-나-2)-나),이상운동증,8,0,8,0
신경과,968 081-다,이상운동증,1,0,1,0
신경과,968 082-나-2),중추신경계의 감염성질환,1,1,0,0
신경과,968 084-가-2),뇌졸중,5,0,5,0
신경과,968 084-나-1),뇌졸중,1,0,1,0
신경과,968 085-나,다발성 경화증,1,0,1,0
신경과,968 086-나-2),중추신경계의 선천성 질환·퇴행성 질환·염증성 탈수초성 질환 또는 대사성 질환,12,12,0,0
신경과,968 086-다,중추신경계의 선천성 질환·퇴행성 질환·염증성 탈수초성 질환 또는 대사성 질환,16,0,16,0
신경과,968 086-라,중추신경계의 선천성 질환·퇴행성 질환·염증성 탈수초성 질환 또는 대사성 질환,1,0,0,1
신경과,968 088-가-2)-나),다발성 말초신경계 질환,2,2,0,0
신경과,968 088-나-3)-나),다발성 말초신경계 질환,3,3,0,0
신경과,968 088-다-3),다발성 말초신경계 질환,3,0,3,0
신경과,968 089-나,중증근무력증,1,0,1,0
신경과,968 090-가-2)-가),근질환,3,3,0,0
신경과,968 090-다-1),근질환,6,0,6,0
신경과,968 090-다-2),근질환,2,0,0,2
신경과,968 091-가,운동신경원성 질환,2,0,2,0
정신과,851 096-나,그 밖의 정신병적 장애,1,1,0,0
정신과,851 098-라,주요 우울장애 및 그 밖의 기분장애,1,0,1,0
정신과,851 102-다,인격장애 및 행태장애,2,2,0,0
정신과,872 095-나,"조현병,분열정동형장애,망상장애",5,0,5,0
정신과,872 096-나,그 밖의 정신병적 장애,2,2,0,0
정신과,872 096-다,그 밖의 정신병적 장애,1,0,1,0
정신과,872 097-가-2),양극성 장애,3,0,3,0
정신과,872 097-나-2),양극성 장애,5,5,0,0
정신과,872 098-다,주요 우울장애 및 그 밖의 기분장애,73,73,0,0
정신과,872 098-라,주요 우울장애 및 그 밖의 기분장애,8,0,8,0
정신과,872 099-다,신경증적 장애,25,25,0,0
정신과,872 099-라,신경증적 장애,4,0,4,0
정신과,872 101-다,기면병,1,1,0,0
정신과,872 101-라,기면병,1,0,1,0
정신과,872 102-다,"인격장애 및 행태장애(습관 및 충동장애), 성주체성장애, 성적 선호장애",19,19,0,0
정신과,872 102-라,"인격장애 및 행태장애(습관 및 충동장애), 성주체성장애, 성적 선호장애",4,0,4,0
정신과,872 103-나,경계선지능 및 지적장애,19,19,0,0
정신과,872 103-다,경계선지능 및 지적장애,11,0,11,0
정신과,872 104-다,심리적 발달장애와 소아청소년기장애,12,12,0,0
정신과,872 104-라,심리적 발달장애와 소아청소년기장애,5,0,5,0
정신과,907 093-다,기질성 정신장애,2,0,2,0
정신과,907 094-다,물질관련 장애,5,5,0,0
정신과,907 094-라,물질관련 장애,1,0,1,0
정신과,907 095-나,"조현병,분열정동형장애,망상장애",46,0,46,0
정신과,907 096-나,그 밖의 정신병적 장애,11,11,0,0
정신과,907 096-다,그 밖의 정신병적 장애,11,0,11,0
정신과,907 097-가-2),양극성 장애,9,0,9,0
정신과,907 097-나-2),양극성 장애,34,34,0,0
정신과,907 097-나-3),양극성 장애,1,0,1,0
정신과,907 098-다,주요 우울장애 및 그 밖의 기분장애,522,522,0,0
정신과,907 098-라,주요 우울장애 및 그 밖의 기분장애,50,0,50,0
정신과,907 099-다,신경증적 장애,291,291,0,0
정신과,907 099-라,신경증적 장애,6,0,6,0
정신과,907 100-다,생리적 장애 및 신체적 요인과 연관된 행태 증후군,4,4,0,0
정신과,907 101-다,기면병,20,20,0,0
정신과,907 101-라,기면병,5,0,5,0
정신과,907 102-다,"인격장애 및 행태장애(습관 및 충동장애), 성주체성장애, 성적 선호장애",110,110,0,0
정신과,907 102-라,"인격장애 및 행태장애(습관 및 충동장애), 성주체성장애, 성적 선호장애",16,0,16,0
정신과,907 103-나,경계선지능 및 지적장애,274,274,0,0
정신과,907 103-다,경계선지능 및 지적장애,323,0,323,0
정신과,907 103-라,경계선지능 및 지적장애,9,0,0,9
정신과,907 104-다,심리적 발달장애와 소아청소년기장애,212,212,0,0
정신과,907 104-라,심리적 발달장애와 소아청소년기장애,66,0,66,0
정신과,907 104-마,심리적 발달장애와 소아청소년기장애,3,0,0,3
정신과,950 093-나,기질성 정신장애,2,2,0,0
정신과,950 093-다,기질성 정신장애,2,0,2,0
정신과,950 095-나,"조현병,분열정동형장애,망상장애",99,0,99,0
정신과,950 095-다,"조현병,분열정동형장애,망상장애",8,0,0,8
정신과,950 096-나,그 밖의 정신병적 장애,3,3,0,0
정신과,950 096-다,그 밖의 정신병적 장애,12,0,12,0
정신과,950 097-가-2),양극성 장애,45,0,45,0
정신과,950 097-나-2),양극성 장애,13,13,0,0
정신과,950 097-나-3),양극성 장애,2,0,2,0
정신과,950 097-다-3),양극성 장애,19,19,0,0
정신과,950 097-다-4),양극성 장애,1,0,1,0
정신과,950 098-다,주요 우울장애 및 그 밖의 기분장애,242,242,0,0
정신과,950 098-라,주요 우울장애 및 그 밖의 기분장애,48,0,48,0
정신과,950 099-다,신경증적 장애,165,165,0,0
정신과,950 099-라,신경증적 장애,9,0,9,0
정신과,950 100-다,생리적 장애 및 신체적 요인과 연관된 행태 증후군,2,2,0,0
정신과,950 101-다,기면병,31,31,0,0
정신과,950 101-라,기면병,4,0,4,0
정신과,950 102-다,인격장애 및 행태장애(습관 및 충동장애),30,30,0,0
정신과,950 102-라,인격장애 및 행태장애(습관 및 충동장애),3,0,3,0
정신과,950 102의2-다,성주체성장애 및 성선호장애,2,2,0,0
정신과,950 102의2-라,성주체성장애 및 성선호장애,1,0,1,0
정신과,950 103-나,경계선지능 및 지적장애,525,525,0,0
정신과,950 103-다,경계선지능 및 지적장애,613,0,613,0
정신과,950 103-라,경계선지능 및 지적장애,12,0,0,12
정신과,950 104-나,심리적 발달장애(전반적 발달장애),87,87,0,0
정신과,950 104-다,심리적 발달장애(전반적 발달장애),96,0,96,0
정신과,950 104-라,심리적 발달장애(전반적 발달장애),7,0,0,7
정신과,950 104의2-다,소아청소년기 장애,272,272,0,0
정신과,950 104의2-라,소아청소년기 장애,49,0,49,0
정신과,968 093-나,기질성 정신장애,1,1,0,0
정신과,968 093-다,기질성 정신장애,4,0,4,0
정신과,968 094-다,물질관련 장애,2,2,0,0
정신과,968 095-나,"조현병,분열정동형장애,망상장애",60,0,60,0
정신과,968 095-다,"조현병,분열정동형장애,망상장애",9,0,0,9
정신과,968 096-나,그 밖의 정신병적 장애,8,8,0,0
정신과,968 096-다,그 밖의 정신병적 장애,16,0,16,0
정신과,968 097-가-2),양극성 장애,21,0,21,0
정신과,968 097-나-2),양극성 장애,15,15,0,0
정신과,968 097-나-3),양극성 장애,3,0,3,0
정신과,968 097-다-3),양극성 장애,12,12,0,0
정신과,968 098-다,주요 우울장애 및 그 밖의 기분장애,381,381,0,0
정신과,968 098-라,주요 우울장애 및 그 밖의 기분장애,45,0,45,0
정신과,968 099-다,신경증적 장애,231,231,0,0
정신과,968 099-라,신경증적 장애,10,0,10,0
정신과,968 100-다,생리적 장애 및 신체적 요인과 연관된 행태 증후군,3,3,0,0
정신과,968 101-다,기면병,21,21,0,0
정신과,968 101-라,기면병,4,0,4,0
정신과,968 102-다,인격장애,29,29,0,0
정신과,968 102-라,인격장애,2,0,2,0
정신과,968 102의2-다,행태장애(충동조절 및 품행장애),20,20,0,0
정신과,968 102의2-라,행태장애(충동조절 및 품행장애),8,0,8,0
정신과,968 102의3-나,성주체성장애 및 성선호장애,3,3,0,0
정신과,968 102의3-다,성주체성장애 및 성선호장애,11,0,11,0
정신과,968 103-나,경계선지능 및 지적장애,300,300,0,0
정신과,968 103-다,경계선지능 및 지적장애,521,0,521,0
정신과,968 103-라,경계선지능 및 지적장애,4,0,0,4
정신과,968 104-나,심리적 발달장애(전반적 발달장애),40,40,0,0
정신과,968 104-다,심리적 발달장애(전반적 발달장애),72,0,72,0
정신과,968 104-라,심리적 발달장애(전반적 발달장애),3,0,0,3
정신과,968 104의2-다,소아청소년기 장애,141,141,0,0
정신과,968 104의2-라,소아청소년기 장애,40,0,40,0
피부과,872 111-나,아토피성 피부질환이나 그 밖에 이에 준하는 재발성 피부염,4,4,0,0
피부과,872 111-다,아토피성 피부질환이나 그 밖에 이에 준하는 재발성 피부염,3,0,3,0
피부과,872 114-나,건선 및 이에 준하는 피부질환,1,1,0,0
피부과,872 116-나,두드러기 또는 맥관 부종,1,1,0,0
피부과,872 139-나,손바닥 다한증,1,1,0,0
피부과,872 140-다,문신 또는 반흔 등,2,2,0,0
피부과,907 108-나,유전성 또는 대사성 피부질환,3,3,0,0
피부과,907 108-다,유전성 또는 대사성 피부질환,2,0,2,0
피부과,907 109-나,광과민성 피부염,1,1,0,0
피부과,907 111-나,아토피성 피부질환이나 그 밖에 이에 준하는 재발성 피부염,97,97,0,0
피부과,907 111-다,아토피성 피부질환이나 그 밖에 이에 준하는 재발성 피부염,5,0,5,0
피부과,907 114-나,건선 및 이에 준하는 피부질환,8,8,0,0
피부과,907 116-나,두드러기 또는 맥관 부종,9,9,0,0
피부과,907 131-나,탈모증,2,2,0,0
피부과,907 131-다,탈모증,7,0,7,0
피부과,907 139-나,손바닥 다한증,1,1,0,0
피부과,907 140-다,문신 또는 반흔 등,1,1,0,0
피부과,950 108-나,유전성 또는 대사성 피부질환,31,31,0,0
피부과,950 108-다,유전성 또는 대사성 피부질환,4,0,4,0
피부과,950 109-나,광과민성 피부염,1,1,0,0
피부과,950 111-나,아토피성 피부질환이나 그 밖에 이에 준하는 재발성 피부염,158,158,0,0
피부과,950 111-다,아토피성 피부질환이나 그 밖에 이에 준하는 재발성 피부염,15,0,15,0
피부과,950 114-나,건선 및 이에 준하는 피부질환,13,13,0,0
피부과,950 114-다,건선 및 이에 준하는 피부질환,2,0,2,0
피부과,950 116-나,두드러기 또는 맥관 부종,11,11,0,0
피부과,950 117-나,다형홍반,2,2,0,0
피부과,950 121-나,베체트씨병,3,3,0,0
피부과,950 121-다,베체트씨병,1,0,1,0
피부과,950 122-가,천포창 및 이에 준한 수포성 질환,1,1,0,0
피부과,950 122-나,천포창 및 이에 준한 수포성 질환,1,0,1,0
피부과,950 128-다,"주사(Rosacea), 여드름 및 화농성 한선염",2,2,0,0
피부과,950 130-나,"백반증, 백색증 및 이에 준하는 색소이상질환",8,8,0,0
피부과,950 130-다,"백반증, 백색증 및 이에 준하는 색소이상질환",4,0,4,0
피부과,950 131-나,탈모증,6,6,0,0
피부과,950 131-다,탈모증,11,0,11,0
피부과,950 133-나,피부 악성종양,4,0,4,0
피부과,950 135-가,균상식육종,3,0,3,0
피부과,950 136-나,수장족저 각화증,4,4,0,0
피부과,950 138-나,취한증,1,1,0,0
피부과,950 139-나,손바닥 다한증,46,46,0,0
피부과,950 140-다,문신 또는 반흔 등,7,7,0,0
피부과,968 108-나,유전성 또는 대사성 피부질환,10,10,0,0
피부과,968 108-다,유전성 또는 대사성 피부질환,3,0,3,0
피부과,968 108의2-나,엘러스 단로스 증후군,1,1,0,0
피부과,968 109-나,광과민성 피부염,1,1,0,0
피부과,968 111-나,아토피성 피부질환이나 그 밖에 이에 준하는 재발성 피부염,84,84,0,0
피부과,968 111-다,아토피성 피부질환이나 그 밖에 이에 준하는 재발성 피부염,6,0,6,0
피부과,968 114-나,건선 및 이에 준하는 피부질환,5,5,0,0
피부과,968 116-나,두드러기 또는 맥관 부종,8,8,0,0
피부과,968 122-나,천포창 및 이에 준한 수포성 질환,1,0,1,0
피부과,968 128-다,"주사(Rosacea), 여드름 및 화농성 한선염",2,2,0,0
피부과,968 130-나,"백반증, 백색증 및 이에 준하는 색소이상질환",4,4,0,0
피부과,968 130-다,"백반증, 백색증 및 이에 준하는 색소이상질환",1,0,1,0
피부과,968 131-나,탈모증,3,3,0,0
피부과,968 131-다,탈모증,8,0,8,0
피부과,968 135-가,균상식육종,1,0,1,0
피부과,968 139-나,손바닥 다한증,12,12,0,0
피부과,968 140-다,문신 또는 반흔 등,3,3,0,0
일반외과,872 148-다-1)-가),장절제술 또는 단순봉합술,1,1,0,0
일반외과,907 145-나,갑상선절제술을 한 경우,1,1,0,0
일반외과,907 145-다,갑상선절제술을 한 경우,1,0,1,0
일반외과,907 146-가,비장적출술 또는 성형술을 한 경우,1,1,0,0
일반외과,907 146-나,비장적출술 또는 성형술을 한 경우,1,0,1,0
일반외과,907 148-다-1)-가),장절제술 또는 단순봉합술,1,1,0,0
일반외과,907 149-사-2),항문 및 직장질환,1,0,1,0
일반외과,907 149-아,항문 및 직장질환,1,1,0,0
일반외과,907 152-나,복부수술 후 발생한 유착성 장폐색,1,1,0,0
일반외과,907 156-다,간수술을 한 경우,1,0,1,0
일반외과,907 156-라-1),간수술을 한 경우,1,0,1,0
일반외과,907 156-라-2),간수술을 한 경우,1,0,0,1
일반외과,907 159-가,담낭 및 담도수술을 한 경우,1,1,0,0
일반외과,907 168-나,심부정맥질환 등,1,1,0,0
일반외과,907 171-나,임파관계 질환,1,0,1,0
일반외과,907 172-라-1),혈관기형,1,1,0,0
일반외과,907 172-라-2),혈관기형,3,0,3,0
일반외과,950 141-다,경부 또는 그 밖의 부위의 결핵성 림프선염,1,1,0,0
일반외과,950 143-가-3),종양,1,0,1,0
일반외과,950 143-나-1),종양,1,1,0,0
일반외과,950 143-나-2),종양,14,0,0,14
일반외과,950 145-나,갑상선절제술을 한 경우,6,6,0,0
일반외과,950 145-다,갑상선절제술을 한 경우,12,0,12,0
일반외과,950 146-나,비장적출술 또는 성형술을 한 경우,24,0,24,0
일반외과,950 147-나,위절제술 또는 그 밖의 위수술을 한 경우,1,1,0,0
일반외과,950 148-가-2),장절제술 또는 단순봉합술,2,2,0,0
일반외과,950 148-나-1)-나),장절제술 또는 단순봉합술,24,24,0,0
일반외과,950 148-다-1)-가),장절제술 또는 단순봉합술,16,16,0,0
일반외과,950 148-다-1)-나),장절제술 또는 단순봉합술,16,0,16,0
일반외과,950 148-다-1)-다),장절제술 또는 단순봉합술,11,0,0,11
일반외과,950 149-마,항문 및 직장질환,19,19,0,0
일반외과,950 149-바-2),항문 및 직장질환,1,1,0,0
일반외과,950 149-사-2),항문 및 직장질환,4,0,4,0
일반외과,950 149-사-3),항문 및 직장질환,1,0,0,1
일반외과,950 149-아,항문 및 직장질환,1,1,0,0
일반외과,950 152-가,복부수술 후 발생한 유착성 장폐색,4,4,0,0
일반외과,950 152-나,복부수술 후 발생한 유착성 장폐색,10,10,0,0
일반외과,950 152-다,복부수술 후 발생한 유착성 장폐색,3,0,3,0
일반외과,950 154-다,서혜부 탈장,3,3,0,0
일반외과,950 156-나,간수술을 한 경우,1,1,0,0
일반외과,950 156-다,간수술을 한 경우,5,0,5,0
일반외과,950 156-라-1),간수술을 한 경우,34,0,34,0
일반외과,950 156-라-2),간수술을 한 경우,1,0,0,1
일반외과,950 159-가,담낭 및 담도수술을 한 경우,25,25,0,0
일반외과,950 159-다,담낭 및 담도수술을 한 경우,6,0,6,0
일반외과,950 159-마,담낭 및 담도수술을 한 경우,12,0,12,0
일반외과,950 160-가-1),췌장수술을 한 경우,1,1,0,0
일반외과,950 160-나,췌장수술을 한 경우,7,0,7,0
일반외과,950 163-나,화상,5,5,0,0
일반외과,950 163-라,화상,7,0,7,0
일반외과,950 165-가-1),동맥질환,1,0,1,0
일반외과,950 165-나-2),동맥질환,2,2,0,0
일반외과,950 165-라-2),동맥질환,3,3,0,0
일반외과,950 165-라-3),동맥질환,1,0,1,0
일반외과,950 167-나-3),외상성 동맥 손상,3,3,0,0
일반외과,950 167-다,외상성 동맥 손상,1,1,0,0
일반외과,950 168-다,심부정맥질환 등,1,0,1,0
일반외과,950 169-나,정맥류로 진단된 경우,5,5,0,0
일반외과,950 171-나,임파관계 질환,3,0,3,0
일반외과,950 172-라-1),혈관기형,1,1,0,0
일반외과,950 172-라-2),혈관기형,10,0,10,0
일반외과,950 173-나,부신 절제술,1,0,0,1
일반외과,968 143-가-3),종양,1,0,1,0
일반외과,968 143-나-2),종양,5,0,0,5
일반외과,968 145-나,갑상선절제술을 한 경우,3,3,0,0
일반외과,968 145-다,갑상선절제술을 한 경우,1,0,1,0
일반외과,968 146-가,비장적출술 또는 성형술을 한 경우,2,2,0,0
일반외과,968 146-나,비장적출술 또는 성형술을 한 경우,11,0,11,0
일반외과,968 148-가-2),장절제술 또는 단순봉합술,2,2,0,0
일반외과,968 148-나-1)-나),장절제술 또는 단순봉합술,5,5,0,0
일반외과,968 148-나-2),장절제술 또는 단순봉합술,1,0,0,1
일반외과,968 148-다-1)-가),장절제술 또는 단순봉합술,7,7,0,0
일반외과,968 148-다-1)-나),장절제술 또는 단순봉합술,6,0,6,0
일반외과,968 148-다-1)-다),장절제술 또는 단순봉합술,2,0,0,2
일반외과,968 149-마,항문 및 직장질환,3,3,0,0
일반외과,968 149-사-2),항문 및 직장질환,2,0,2,0
일반외과,968 149-사-3),항문 및 직장질환,1,0,0,1
일반외과,968 150-나,인공항문,3,0,0,3
일반외과,968 152-나,복부수술 후 발생한 유착성 장폐색,1,1,0,0
일반외과,968 156-라-1),간수술을 한 경우,12,0,12,0
일반외과,968 156-라-2),간수술을 한 경우,1,0,0,1
일반외과,968 159-가,담낭 및 담도수술을 한 경우,5,5,0,0
일반외과,968 159-다,담낭 및 담도수술을 한 경우,2,0,2,0
일반외과,968 159-마,담낭 및 담도수술을 한 경우,3,0,3,0
일반외과,968 163-나,화상,1,1,0,0
일반외과,968 163-다,화상,1,0,1,0
일반외과,968 163-라,화상,1,0,1,0
일반외과,968 165-나-2),동맥질환,1,1,0,0
일반외과,968 165-나-3),동맥질환,1,0,1,0
일반외과,968 167-나-3),외상성 동맥 손상,1,1,0,0
일반외과,968 168-나,심부정맥질환 등,2,2,0,0
일반외과,968 169-나,정맥류로 진단된 경우,1,1,0,0
일반외과,968 171-나,임파관계 질환,1,0,1,0
일반외과,968 172-라-1),혈관기형,2,2,0,0
일반외과,968 172-라-2),혈관기형,2,0,2,0
정형외과,872 175-라-1)-나),골절후유증,1,0,1,0
정형외과,872 178-가-3),불안정성 대관절,1,0,1,0
정형외과,872 178-라-4),불안정성 대관절,1,1,0,0
정형외과,872 182-나,"퇴행성, 화농성, 외상성 및 그 밖의 관절염",1,0,1,0
정형외과,872 203-나,편평족·외반족·내반족·만곡족·요족·첨족·중족 등,2,2,0,0
정형외과,872 205-나,발가락 과다증,1,1,0,0
정형외과,872 212-나,박리성 골연골염,1,0,1,0
정형외과,872 219-나,척추골 골절,1,1,0,0
정형외과,872 220-나,척추측만증,1,1,0,0
정형외과,907 174-다,골절,3,3,0,0
정형외과,907 175-가-3),골절후유증,1,1,0,0
정형외과,907 175-나-2),골절후유증,1,1,0,0
정형외과,907 175-다,골절후유증,10,10,0,0
정형외과,907 175-라-1)-가),골절후유증,1,1,0,0
정형외과,907 175-라-1)-나),골절후유증,2,0,2,0
정형외과,907 175-라-2)-나),골절후유증,2,2,0,0
정형외과,907 176-나-4),건손상,1,1,0,0
정형외과,907 178-가-2),불안정성 대관절,5,5,0,0
정형외과,907 178-가-3),불안정성 대관절,19,0,19,0
정형외과,907 178-다-2)-나),불안정성 대관절,1,1,0,0
정형외과,907 178-라-2),불안정성 대관절,1,1,0,0
정형외과,907 178-라-4),불안정성 대관절,9,9,0,0
정형외과,907 181-다-2),활액낭염 및 건초염,2,2,0,0
정형외과,907 182-가,"퇴행성, 화농성, 외상성 및 그 밖의 관절염",3,3,0,0
정형외과,907 182-나,"퇴행성, 화농성, 외상성 및 그 밖의 관절염",2,0,2,0
정형외과,907 183-나,정형외과적 선천성 기형,13,13,0,0
정형외과,907 183-다-1),정형외과적 선천성 기형,7,0,7,0
정형외과,907 186-가-2)-나),종양,4,4,0,0
정형외과,907 186-가-2)-다),종양,1,0,1,0
정형외과,907 189-가-3),어깨관절의 불안정성,15,15,0,0
정형외과,907 193-가,손가락강직,1,0,1,0
정형외과,907 193-나,손가락강직,2,2,0,0
정형외과,907 193-다,손가락강직,1,0,1,0
정형외과,907 194-가-2),손가락강직,2,2,0,0
정형외과,907 195-나-3),운동제한,1,1,0,0
정형외과,907 195-나-5)-다),운동제한,1,0,1,0
정형외과,907 196-가-1)-가),손가락 결손,2,2,0,0
정형외과,907 196-가-2)-가),손가락 결손,2,2,0,0
정형외과,907 198-다,손가락 결손,1,0,0,1
정형외과,907 203-나,편평족·외반족·내반족·만곡족·요족·첨족·중족 등,40,40,0,0
정형외과,907 207-가-2),발가락 강직,1,0,1,0
정형외과,907 208-가-1)-나),하지의 운동제한,1,0,1,0
정형외과,907 208-나-1),하지의 운동제한,2,2,0,0
정형외과,907 209-가-2)-나),하지의 결손,1,1,0,0
정형외과,907 209-가-6)-나),하지의 결손,1,0,0,1
정형외과,907 211-나-2),무릎관절 반월상 연골판 질환,2,2,0,0
정형외과,907 211-나-3),무릎관절 반월상 연골판 질환,5,0,5,0
정형외과,907 212-가,박리성 골연골염,7,7,0,0
정형외과,907 212-나,박리성 골연골염,1,0,1,0
정형외과,907 213-나-2),슬개골 연골연화증,3,3,0,0
정형외과,907 214-나-2),오스굳씨병,2,2,0,0
정형외과,907 216의2-나,"대퇴 비구 충돌 증후군(Cam Type, Pincer Type)",1,1,0,0
정형외과,907 217-나,하지의 단축,2,2,0,0
정형외과,907 218-가-2),골반 및 대퇴골두 골절,1,1,0,0
정형외과,907 219-나,척추골 골절,2,2,0,0
정형외과,907 220-나,척추측만증,18,18,0,0
정형외과,907 224-나-1),척추골 전 또는 후 전위증,3,3,0,0
정형외과,907 227-가-2)-나)-1),상박신경총 및 요천추신경총 마비,1,1,0,0
정형외과,907 227-가-2)-나)-3),상박신경총 및 요천추신경총 마비,1,0,0,1
정형외과,907 228-가-2)-나)-2),말초신경장애,3,3,0,0
정형외과,907 228-가-2)-나)-3),말초신경장애,1,0,1,0
정형외과,907 228-나,말초신경장애,1,0,0,1
정형외과,950 174-다,골절,4,4,0,0
정형외과,950 175-가-1),골절후유증,9,9,0,0
정형외과,950 175-가-2),골절후유증,1,0,1,0
정형외과,950 175-나-3),골절후유증,3,3,0,0
정형외과,950 175-다-2),골절후유증,23,23,0,0
정형외과,950 175-다-3),골절후유증,2,0,2,0
정형외과,950 175-라,골절후유증,41,41,0,0
정형외과,950 175-마-1)-가),골절후유증,5,5,0,0
정형외과,950 175-마-1)-나),골절후유증,1,0,1,0
정형외과,950 175-마-2)-나),골절후유증,3,3,0,0
정형외과,950 176-나-2),건손상,4,4,0,0
정형외과,950 178-가-2),불안정성 대관절,88,88,0,0
정형외과,950 178-가-3),불안정성 대관절,986,0,986,0
정형외과,950 178-나-2),불안정성 대관절,3,0,3,0
정형외과,950 178-다-2)-나),불안정성 대관절,91,91,0,0
정형외과,950 178-라-2),불안정성 대관절,14,14,0,0
정형외과,950 178-라-3),불안정성 대관절,3,3,0,0
정형외과,950 178-라-4),불안정성 대관절,71,71,0,0
정형외과,950 178-라-5)-나),불안정성 대관절,4,4,0,0
정형외과,950 179-가-3),골수염,2,0,2,0
정형외과,950 179-나-2)-가),골수염,2,2,0,0
정형외과,950 180,척추 또는 상·하지 대관절에 발생한 결핵이 확진된 경우,1,0,1,0
정형외과,950 181-다-2),활액낭염 및 건초염,7,7,0,0
정형외과,950 182-가,"퇴행성, 화농성, 외상성 및 그 밖의 관절염",37,37,0,0
정형외과,950 182-나,"퇴행성, 화농성, 외상성 및 그 밖의 관절염",35,0,35,0
정형외과,950 182-다,"퇴행성, 화농성, 외상성 및 그 밖의 관절염",6,0,0,6
정형외과,950 183-나,정형외과적 선천성 기형,215,215,0,0
정형외과,950 183-다-1),정형외과적 선천성 기형,147,0,147,0
정형외과,950 183-다-2),정형외과적 선천성 기형,17,0,0,17
정형외과,950 184-가,수부 또는 족부의 무혈성 괴사,1,1,0,0
정형외과,950 184-나-1),수부 또는 족부의 무혈성 괴사,2,2,0,0
정형외과,950 184-나-2),수부 또는 족부의 무혈성 괴사,2,0,2,0
정형외과,950 185-나,근육손실(결손)및 위축,1,1,0,0
정형외과,950 186-가-2)-나),종양,51,51,0,0
정형외과,950 186-가-2)-다),종양,17,0,17,0
정형외과,950 186-가-2)-라),종양,3,0,3,0
정형외과,950 186-나,종양,41,0,0,41
정형외과,950 186의2-다,혈관종,1,1,0,0
정형외과,950 186의2-라,혈관종,2,2,0,0
정형외과,950 187-나,대관절강직,3,0,0,3
정형외과,950 188,대관절의 진구성 미정복,1,0,0,1
정형외과,950 189-가-3),어깨관절의 불안정성,348,348,0,0
정형외과,950 189-가-4),어깨관절의 불안정성,5,0,5,0
정형외과,950 189-나-3),어깨관절의 불안정성,6,6,0,0
정형외과,950 190-나,손가락과다증,15,15,0,0
정형외과,950 191-나,유착된 손가락,2,0,2,0
정형외과,950 192-가-1),손가락강직,10,10,0,0
정형외과,950 192-나,손가락강직,8,8,0,0
정형외과,950 193-가,손가락강직,26,0,26,0
정형외과,950 193-나,손가락강직,33,33,0,0
정형외과,950 193-다,손가락강직,9,0,9,0
정형외과,950 194-가-1),손가락강직,3,0,3,0
정형외과,950 194-가-2),손가락강직,5,5,0,0
정형외과,950 194-나,손가락강직,3,0,3,0
정형외과,950 195-나-1),운동제한,8,8,0,0
정형외과,950 195-나-3),운동제한,10,10,0,0
정형외과,950 195-나-5)-나),운동제한,13,13,0,0
정형외과,950 195-나-5)-다),운동제한,2,0,2,0
정형외과,950 195-다-1),운동제한,4,4,0,0
정형외과,950 196-가-1)-가),손가락 결손,7,7,0,0
정형외과,950 196-가-1)-나),손가락 결손,8,8,0,0
정형외과,950 196-가-2)-가),손가락 결손,12,12,0,0
정형외과,950 196-나,손가락 결손,6,6,0,0
정형외과,950 196-다,손가락 결손,2,0,2,0
정형외과,950 197-가-1)-가),손가락 결손,2,0,2,0
정형외과,950 197-가-1)-나)-1),손가락 결손,1,1,0,0
정형외과,950 197-가-1)-나)-2),손가락 결손,4,4,0,0
정형외과,950 197-가-2)-가),손가락 결손,2,0,2,0
정형외과,950 197-가-2)-나)-2),손가락 결손,2,0,2,0
정형외과,950 197-가-3)-가),손가락 결손,2,2,0,0
정형외과,950 197-가-3)-나),손가락 결손,2,2,0,0
정형외과,950 197-나,손가락 결손,3,0,3,0
정형외과,950 198-가-1),손가락 결손,2,0,2,0
정형외과,950 198-가-2),손가락 결손,1,0,1,0
정형외과,950 198-나-1),손가락 결손,1,0,1,0
정형외과,950 198-다,손가락 결손,4,0,0,4
정형외과,950 199,수장관절 원위부 결손,1,0,0,1
정형외과,950 203-나,편평족·외반족·내반족·만곡족·요족·첨족·중족 등,1830,1830,0,0
정형외과,950 203-다,편평족·외반족·내반족·만곡족·요족·첨족·중족 등,5,0,5,0
정형외과,950 204,전체발가락이 추상지(한쪽)로서 군화착용에 지장이 있는 경우,1,1,0,0
정형외과,950 205-나,발가락 과다증,19,19,0,0
정형외과,950 206-가,유착된 발가락,2,2,0,0
정형외과,950 207-가-1)-가),발가락 강직,3,3,0,0
정형외과,950 207-가-2),발가락 강직,3,0,3,0
정형외과,950 207-나-1)-가),발가락 강직,4,4,0,0
정형외과,950 207-나-2),발가락 강직,7,7,0,0
정형외과,950 208-나-1),하지의 운동제한,1,1,0,0
정형외과,950 208-나-1)-가),하지의 운동제한,38,38,0,0
정형외과,950 208-나-1)-나),하지의 운동제한,4,0,4,0
정형외과,950 208-나-2)-가),하지의 운동제한,7,7,0,0
정형외과,950 208-나-2)-나),하지의 운동제한,1,0,1,0
정형외과,950 208-다,하지의 운동제한,1,0,1,0
정형외과,950 208-라-1),하지의 운동제한,2,2,0,0
정형외과,950 209-가-2)-가),하지의 결손,6,0,6,0
정형외과,950 209-가-2)-나),하지의 결손,2,2,0,0
정형외과,950 209-가-3)-가),하지의 결손,3,3,0,0
정형외과,950 209-가-4)-가),하지의 결손,3,0,3,0
정형외과,950 209-가-4)-나),하지의 결손,2,2,0,0
정형외과,950 209-가-5)-가)-2),하지의 결손,1,1,0,0
정형외과,950 209-가-5)-나)-2),하지의 결손,2,0,0,2
정형외과,950 209-가-6)-가),하지의 결손,1,0,1,0
정형외과,950 209-가-7),하지의 결손,1,0,0,1
정형외과,950 210-다,안짱다리,8,8,0,0
정형외과,950 211-나-2),무릎관절 반월상 연골판 질환,105,105,0,0
정형외과,950 211-나-3),무릎관절 반월상 연골판 질환,35,0,35,0
정형외과,950 212-가,박리성 골연골염,152,152,0,0
정형외과,950 212-나,박리성 골연골염,19,0,19,0
정형외과,950 213-나-2),슬개골 연골연화증,25,25,0,0
정형외과,950 214-나-2),오스굳씨병,19,19,0,0
정형외과,950 215-가,고관절 무혈성 괴사,9,0,9,0
정형외과,950 215-나,고관절 무혈성 괴사,2,0,0,2
정형외과,950 216-가,레그 깔베 피데스씨병 및 비구 이형성증,36,36,0,0
정형외과,950 216-나,레그 깔베 피데스씨병 및 비구 이형성증,78,0,78,0
정형외과,950 216-다,레그 깔베 피데스씨병 및 비구 이형성증,31,0,31,0
정형외과,950 216의2-나,"대퇴 비구 충돌 증후군(Cam Type, Pincer Type) 및 비구 관절와순 파열",4,4,0,0
정형외과,950 217-나,하지의 단축,44,44,0,0
정형외과,950 217-다,하지의 단축,2,0,2,0
정형외과,950 218-가-2),골반 및 대퇴골두 골절,3,3,0,0
정형외과,950 218-가-3),골반 및 대퇴골두 골절,1,0,0,1
정형외과,950 219-나,척추골 골절,37,37,0,0
정형외과,950 219-다,척추골 골절,13,0,13,0
정형외과,950 220-나,척추측만증,1209,1209,0,0
정형외과,950 220-다,척추측만증,137,0,137,0
정형외과,950 222-나,척추의 고도 운동제한·강직,83,0,83,0
정형외과,950 223-나,척추분리증,22,22,0,0
정형외과,950 224-나-1),척추골 전 또는 후 전위증,152,152,0,0
정형외과,950 224-다,척추골 전 또는 후 전위증,2,0,2,0
정형외과,950 227-가-2)-나)-1),상박신경총 및 요천추신경총 마비,2,2,0,0
정형외과,950 227-가-2)-나)-2),상박신경총 및 요천추신경총 마비,6,0,6,0
정형외과,950 227-가-2)-나)-3),상박신경총 및 요천추신경총 마비,1,0,0,1
정형외과,950 228-가-2)-나)-2),말초신경장애,19,19,0,0
정형외과,950 228-가-2)-나)-3),말초신경장애,15,0,15,0
정형외과,968 174-다,골절,2,2,0,0
정형외과,968 175-가-1),골절후유증,5,5,0,0
정형외과,968 175-나-4),골절후유증,1,0,1,0
정형외과,968 175-다-2),골절후유증,5,5,0,0
정형외과,968 175-라,골절후유증,17,17,0,0
정형외과,968 175-마-1)-가),골절후유증,6,6,0,0
정형외과,968 175-마-1)-나),골절후유증,2,0,2,0
정형외과,968 175-마-2)-나),골절후유증,4,4,0,0
정형외과,968 178-가-2),불안정성 대관절,23,23,0,0
정형외과,968 178-가-3),불안정성 대관절,276,0,276,0
정형외과,968 178-나-2),불안정성 대관절,2,0,2,0
정형외과,968 178-다-2)-나),불안정성 대관절,36,36,0,0
정형외과,968 178-라-2),불안정성 대관절,2,2,0,0
정형외과,968 178-라-3),불안정성 대관절,2,2,0,0
정형외과,968 178-라-4),불안정성 대관절,79,79,0,0
정형외과,968 178-라-5)-나),불안정성 대관절,5,5,0,0
정형외과,968 179-나-2)-가),골수염,1,1,0,0
정형외과,968 181-다-2),활액낭염 및 건초염,5,5,0,0
정형외과,968 182-가,"퇴행성, 화농성, 외상성 및 그 밖의 관절염",24,24,0,0
정형외과,968 182-나,"퇴행성, 화농성, 외상성 및 그 밖의 관절염",15,0,15,0
정형외과,968 182-다,"퇴행성, 화농성, 외상성 및 그 밖의 관절염",3,0,0,3
정형외과,968 183-나,정형외과적 선천성 기형,81,81,0,0
정형외과,968 183-다-1),정형외과적 선천성 기형,45,0,45,0
정형외과,968 183-다-2),정형외과적 선천성 기형,4,0,0,4
정형외과,968 184-가,수부 또는 족부의 무혈성 괴사,2,2,0,0
정형외과,968 186-가-2)-나),종양,18,18,0,0
정형외과,968 186-가-2)-다),종양,1,0,1,0
정형외과,968 186-가-2)-라),종양,1,0,1,0
정형외과,968 186-나,종양,10,0,0,10
정형외과,968 186의2-라,혈관종,1,1,0,0
정형외과,968 187-가,대관절강직,1,0,1,0
정형외과,968 187-나,대관절강직,1,0,0,1
정형외과,968 189-가-3),어깨관절의 불안정성,123,123,0,0
정형외과,968 189-가-4),어깨관절의 불안정성,4,0,4,0
정형외과,968 189-나-3),어깨관절의 불안정성,2,2,0,0
정형외과,968 189-나-4),어깨관절의 불안정성,1,0,1,0
정형외과,968 190-나,손가락과다증,4,4,0,0
정형외과,968 191-나,유착된 손가락,2,0,2,0
정형외과,968 192-가-1),손가락강직,4,4,0,0
정형외과,968 192-나,손가락강직,2,2,0,0
정형외과,968 193-가,손가락강직,7,0,7,0
정형외과,968 193-나,손가락강직,14,14,0,0
정형외과,968 193-다,손가락강직,4,0,4,0
정형외과,968 194-가-1),손가락강직,3,0,3,0
정형외과,968 194-가-2),손가락강직,2,2,0,0
정형외과,968 194-나,손가락강직,1,0,1,0
정형외과,968 195-가-2),운동제한,1,1,0,0
정형외과,968 195-나-1),운동제한,1,1,0,0
정형외과,968 195-나-3),운동제한,8,8,0,0
정형외과,968 195-나-5)-나),운동제한,3,0,3,0
정형외과,968 195-나-5)-다),운동제한,5,0,5,0
정형외과,968 195-다-1),운동제한,2,2,0,0
정형외과,968 196-가-1)-가),손가락 결손,5,5,0,0
정형외과,968 196-가-1)-나),손가락 결손,3,3,0,0
정형외과,968 196-가-2)-가),손가락 결손,1,1,0,0
정형외과,968 196-다,손가락 결손,1,0,1,0
정형외과,968 197-가-1)-나)-1),손가락 결손,1,1,0,0
정형외과,968 197-가-1)-나)-2),손가락 결손,1,1,0,0
정형외과,968 197-가-2)-가),손가락 결손,1,0,1,0
정형외과,968 197-가-2)-나)-2),손가락 결손,1,0,1,0
정형외과,968 197-가-3)-가),손가락 결손,1,1,0,0
정형외과,968 197-나,손가락 결손,3,0,3,0
정형외과,968 198-가-1),손가락 결손,1,0,1,0
정형외과,968 198-가-2),손가락 결손,2,0,2,0
정형외과,968 198-나-1),손가락 결손,1,0,1,0
정형외과,968 198-다,손가락 결손,2,0,0,2
정형외과,968 203-나,편평족·외반족·내반족·만곡족·요족·첨족·중족 등,313,313,0,0
정형외과,968 203-다,편평족·외반족·내반족·만곡족·요족·첨족·중족 등,4,0,4,0
정형외과,968 204,전체발가락이 추상지(한쪽)로서 군화착용에 지장이 있는 경우,1,1,0,0
정형외과,968 205-나,발가락 과다증,8,8,0,0
정형외과,968 206-가,유착된 발가락,2,2,0,0
정형외과,968 207-가-2),발가락 강직,1,0,1,0
정형외과,968 207-나-2),발가락 강직,2,2,0,0
정형외과,968 208-가-1)-나),하지의 운동제한,1,0,1,0
정형외과,968 208-나-1)-가),하지의 운동제한,3,3,0,0
정형외과,968 208-나-1)-나),하지의 운동제한,4,0,4,0
정형외과,968 208-다,하지의 운동제한,2,0,2,0
정형외과,968 209-가-2)-나),하지의 결손,1,1,0,0
정형외과,968 209-가-4)-가),하지의 결손,1,0,1,0
정형외과,968 209-가-6)-가),하지의 결손,1,0,1,0
정형외과,968 210-다,안짱다리,6,6,0,0
정형외과,968 211-나-2),무릎관절 반월상 연골판 질환,37,37,0,0
정형외과,968 211-나-3),무릎관절 반월상 연골판 질환,3,0,3,0
정형외과,968 211-나-4),무릎관절 반월상 연골판 질환,16,0,16,0
정형외과,968 212-가,박리성 골연골염,54,54,0,0
정형외과,968 212-나,박리성 골연골염,17,0,17,0
정형외과,968 213-나-2),슬개골 연골연화증,8,8,0,0
정형외과,968 214-나-2),오스굳씨병,10,10,0,0
정형외과,968 215-가,고관절 무혈성 괴사,2,0,2,0
정형외과,968 215-나,고관절 무혈성 괴사,2,0,0,2
정형외과,968 216-가,레그 깔베 피데스씨병 및 비구 이형성증,11,11,0,0
정형외과,968 216-나,레그 깔베 피데스씨병 및 비구 이형성증,17,0,17,0
정형외과,968 216-다,레그 깔베 피데스씨병 및 비구 이형성증,6,0,6,0
정형외과,968 216의2-나,"대퇴 비구 충돌 증후군(Cam Type, Pincer Type) 및 비구 관절와순 파열",2,2,0,0
정형외과,968 217-나,하지의 단축,9,9,0,0
정형외과,968 217-다,하지의 단축,4,0,4,0
정형외과,968 217-라,하지의 단축,1,0,0,1
정형외과,968 218-가-3),골반 및 대퇴골두 골절,1,0,0,1
정형외과,968 219-나,척추골 골절,6,6,0,0
정형외과,968 219-다,척추골 골절,1,0,1,0
정형외과,968 220-나,척추측만증,217,217,0,0
정형외과,968 220-다,척추측만증,28,0,28,0
정형외과,968 222-나,척추의 고도 운동제한·강직,21,0,21,0
정형외과,968 223-나,척추분리증,11,11,0,0
정형외과,968 224-나-1),척추골 전 또는 후 전위증,50,50,0,0
정형외과,968 227-가-2)-나)-3),상박신경총 및 요천추신경총 마비,1,0,0,1
정형외과,968 227-나,상박신경총 및 요천추신경총 마비,2,0,0,2
정형외과,968 228-가-2)-나)-2),말초신경장애,4,4,0,0
정형외과,968 228-가-2)-나)-3),말초신경장애,13,0,13,0
신경외과,851 231-바-2),두부손상,1,1,0,0
신경외과,872 231-라,두부손상,2,2,0,0
신경외과,872 242-나-3)-나),척추질환,1,1,0,0
신경외과,907 231-라,두부손상,2,2,0,0
신경외과,907 231-바,두부손상,5,5,0,0
신경외과,907 232,신경계통질환과 관계있는 선천성 중추신경계 이상,1,0,1,0
신경외과,907 233-나-2),중추신경계 낭종,2,2,0,0
신경외과,907 235-가-2),두개골 및 두부 연부조직 종양,1,1,0,0
신경외과,907 237-나,수두증,1,0,1,0
신경외과,907 238-나,뇌신경기능 장애,1,1,0,0
신경외과,907 239,뇌척수 혈관 질환이 방사선학적으로 확인된 경우,2,0,2,0
신경외과,907 240-가,중추신경계 종양,3,0,3,0
신경외과,907 240-나,중추신경계 종양,3,0,0,3
신경외과,907 241-가-3),중추신경장애,2,0,2,0
신경외과,907 241-나,중추신경장애,2,0,0,2
신경외과,907 242-가-2),척추질환,1,0,1,0
신경외과,907 242-나-3)-나),척추질환,31,31,0,0
신경외과,907 245-가-1),척추종양,2,2,0,0
신경외과,907 246,난치성 뇌전증,1,0,1,0
신경외과,950 231-라,두부손상,21,21,0,0
신경외과,950 231-바,두부손상,69,69,0,0
신경외과,950 231-사,두부손상,8,0,8,0
신경외과,950 232,신경계통질환과 관계있는 선천성 중추신경계 이상,21,0,21,0
신경외과,950 233-나,중추신경계 낭종,32,32,0,0
신경외과,950 233-다,중추신경계 낭종,6,0,6,0
신경외과,950 234-나-1),두개골 결손이 있는 경우,4,4,0,0
신경외과,950 234-나-2),두개골 결손이 있는 경우,7,0,7,0
신경외과,950 235-가-2),두개골 및 두부 연부조직 종양,5,5,0,0
신경외과,950 235-나,두개골 및 두부 연부조직 종양,4,0,4,0
신경외과,950 235-다,두개골 및 두부 연부조직 종양,2,0,0,2
신경외과,950 237-다,수두증,15,0,15,0
신경외과,950 238-나,뇌신경기능 장애,1,1,0,0
신경외과,950 238-다,뇌신경기능 장애,2,0,2,0
신경외과,950 239-나-1,뇌척수 혈관 질환이 방사선학적으로 확인된 경우,2,2,0,0
신경외과,950 239-나-2,뇌척수 혈관 질환이 방사선학적으로 확인된 경우,10,0,10,0
신경외과,950 239-다,뇌척수 혈관 질환이 방사선학적으로 확인된 경우,88,0,88,0
신경외과,950 240-가,중추신경계 종양(뇌·척수),67,0,67,0
신경외과,950 240-나,중추신경계 종양(뇌·척수),77,0,0,77
신경외과,950 241-가-2),중추신경장애,2,2,0,0
신경외과,950 241-가-3),중추신경장애,3,0,3,0
신경외과,950 241-나,중추신경장애,10,0,0,10
신경외과,950 242-가-1),척추질환,9,9,0,0
신경외과,950 242-가-2),척추질환,2,0,2,0
신경외과,950 242-가-3)-가),척추질환,4,4,0,0
신경외과,950 242-가-3)-나),척추질환,2,0,2,0
신경외과,950 242-나-3)-나),척추질환,711,711,0,0
신경외과,950 242-나-4),척추질환,18,0,18,0
신경외과,950 242-나-5),척추질환,1,0,1,0
신경외과,950 243-나,척추궁 결손,2,0,2,0
신경외과,950 244-가,수막류나 수막척수류,3,3,0,0
신경외과,950 244-나,수막류나 수막척수류,3,0,3,0
신경외과,950 245-가-1),척추종양,5,5,0,0
신경외과,950 245-가-2),척추종양,3,0,0,3
신경외과,950 246,난치성 뇌전증,8,0,8,0
신경외과,968 231-라,두부손상,6,6,0,0
신경외과,968 231-바,두부손상,23,23,0,0
신경외과,968 232,신경계통질환과 관계있는 선천성 중추신경계 이상,2,0,2,0
신경외과,968 233-나,중추신경계 낭종,11,11,0,0
신경외과,968 233-다,중추신경계 낭종,4,0,4,0
신경외과,968 234-나-1),두개골 결손이 있는 경우,1,1,0,0
신경외과,968 234-나-2),두개골 결손이 있는 경우,4,0,4,0
신경외과,968 235-가-2),두개골 및 두부 연부조직 종양,1,1,0,0
신경외과,968 235-나,두개골 및 두부 연부조직 종양,1,0,1,0
신경외과,968 235-다,두개골 및 두부 연부조직 종양,1,0,0,1
신경외과,968 237-가-1),수두증,1,1,0,0
신경외과,968 237-다,수두증,4,0,4,0
신경외과,968 238-다,뇌신경기능 장애,1,0,1,0
신경외과,968 239-나-2),뇌척수 혈관 질환이 방사선학적으로 확인된 경우,6,0,6,0
신경외과,968 239-다,뇌척수 혈관 질환이 방사선학적으로 확인된 경우,20,0,20,0
신경외과,968 240-가,중추신경계 종양(뇌·척수),15,0,15,0
신경외과,968 240-나,중추신경계 종양(뇌·척수),18,0,0,18
신경외과,968 241-가-2),중추신경장애,2,2,0,0
신경외과,968 241-가-3),중추신경장애,2,0,2,0
신경외과,968 241-나,중추신경장애,4,0,0,4
신경외과,968 242-가-1),척추질환,3,3,0,0
신경외과,968 242-가-3)-나),척추질환,1,0,1,0
신경외과,968 242-나-3)-나),척추질환,221,221,0,0
신경외과,968 242-나-4),척추질환,3,0,3,0
신경외과,968 244-나,수막류나 수막척수류,2,0,2,0
신경외과,968 245-가-1),척추종양,1,1,0,0
신경외과,968 246,난치성 뇌전증,1,0,1,0
흉부외과,851 260-다-2),흉곽기형,1,1,0,0
흉부외과,872 268-나-1),심장질환 수술,1,0,1,0
흉부외과,907 255-다,기흉 또는 혈흉,3,3,0,0
흉부외과,907 255-라,기흉 또는 혈흉,3,3,0,0
흉부외과,907 256-다,폐절제술을 한 경우,1,0,1,0
흉부외과,907 258-나,흉곽출구 증후군,1,1,0,0
흉부외과,907 260-나-2),흉곽기형,2,2,0,0
흉부외과,907 260-다-2),흉곽기형,7,7,0,0
흉부외과,907 260-라-2),흉곽기형,1,0,1,0
흉부외과,907 260-마-3),흉곽기형,1,0,1,0
흉부외과,907 263-나,흉곽손상,1,1,0,0
흉부외과,907 264-가-1),식도수술,2,2,0,0
흉부외과,907 266-가-2),종격동 종양,2,2,0,0
흉부외과,907 268-가-2),심장질환 수술,10,10,0,0
흉부외과,907 268-가-3),심장질환 수술,4,0,4,0
흉부외과,907 268-가-4),심장질환 수술,3,0,0,3
흉부외과,907 268-나-2),심장질환 수술,1,0,0,1
흉부외과,907 271-바,흉곽대혈관 질환 및 손상,1,0,1,0
흉부외과,950 253-가,농흉으로 수술적 치료를 한 경우,3,3,0,0
흉부외과,950 255-다,기흉 또는 혈흉,292,292,0,0
흉부외과,950 255-라,기흉 또는 혈흉,172,172,0,0
흉부외과,950 256-나,폐절제술을 한 경우,3,3,0,0
흉부외과,950 256-다,폐절제술을 한 경우,10,0,10,0
흉부외과,950 256-라,폐절제술을 한 경우,1,0,0,1
흉부외과,950 260-나-2),흉곽기형,43,43,0,0
흉부외과,950 260-다-2),흉곽기형,31,31,0,0
흉부외과,950 260-마-2),흉곽기형,3,3,0,0
흉부외과,950 260-사-1),흉곽기형,3,3,0,0
흉부외과,950 260-사-2),흉곽기형,1,0,1,0
흉부외과,950 261-나-1),횡격막질환 또는 허니아,8,8,0,0
흉부외과,950 261-나-2),횡격막질환 또는 허니아,2,0,2,0
흉부외과,950 263-나,흉곽손상,3,3,0,0
흉부외과,950 264-가-1),식도수술,3,3,0,0
흉부외과,950 264-가-2),식도수술,2,0,2,0
흉부외과,950 264-다,식도수술,1,0,0,1
흉부외과,950 265-나,흉벽종양 또는 낭종,2,0,0,2
흉부외과,950 266-가-2),종격동 종양,16,16,0,0
흉부외과,950 266-나,종격동 종양,9,0,0,9
흉부외과,950 267-나,기관 및 폐내 종양,1,0,0,1
흉부외과,950 268-가-2),심장질환 수술,313,313,0,0
흉부외과,950 268-가-3),심장질환 수술,152,0,152,0
흉부외과,950 268-가-4),심장질환 수술,88,0,0,88
흉부외과,950 268-가-5),심장질환 수술,31,0,0,31
흉부외과,950 268-나-1),심장질환 수술,2,0,2,0
흉부외과,950 268-나-2),심장질환 수술,4,0,0,4
흉부외과,950 268-나-3),심장질환 수술,3,0,0,3
흉부외과,950 269-가,심장 종양,2,0,2,0
흉부외과,950 270-가,심낭질환 수술을 한 경우,1,1,0,0
흉부외과,950 271-가,흉곽대혈관 질환 및 손상,11,11,0,0
흉부외과,950 271-나,흉곽대혈관 질환 및 손상,4,0,4,0
흉부외과,950 271-다,흉곽대혈관 질환 및 손상,4,0,0,4
흉부외과,950 271-라,흉곽대혈관 질환 및 손상,1,0,0,1
흉부외과,950 271-마,흉곽대혈관 질환 및 손상,3,0,3,0
흉부외과,950 271-바,흉곽대혈관 질환 및 손상,7,0,7,0
흉부외과,968 255-다,기흉 또는 혈흉,60,60,0,0
흉부외과,968 255-라,기흉 또는 혈흉,33,33,0,0
흉부외과,968 256-다,폐절제술을 한 경우,5,0,5,0
흉부외과,968 257-다,기관 및 기관지협착증,1,0,1,0
흉부외과,968 260-나-2),흉곽기형,19,19,0,0
흉부외과,968 260-다-2),흉곽기형,9,9,0,0
흉부외과,968 260-마-2),흉곽기형,5,5,0,0
흉부외과,968 260-사-1),흉곽기형,2,2,0,0
흉부외과,968 261-나-1),횡격막질환 또는 허니아,1,1,0,0
흉부외과,968 264-가-1),식도수술,1,1,0,0
흉부외과,968 265-나,흉벽종양 또는 낭종,1,0,0,1
흉부외과,968 266-가-2),종격동 종양,4,4,0,0
흉부외과,968 266-나,종격동 종양,1,0,0,1
흉부외과,968 267-나,기관 및 폐내 종양,1,0,0,1
흉부외과,968 268-가-2),심장질환 수술,83,83,0,0
흉부외과,968 268-가-3),심장질환 수술,47,0,47,0
흉부외과,968 268-가-4),심장질환 수술,17,0,0,17
흉부외과,968 268-가-5),심장질환 수술,5,0,0,5
흉부외과,968 268-나-1),심장질환 수술,1,0,1,0
흉부외과,968 268-나-2),심장질환 수술,1,0,0,1
흉부외과,968 268-나-3),심장질환 수술,1,0,0,1
흉부외과,968 269-가,심장 종양,1,0,1,0
흉부외과,968 270-가,심낭질환 수술을 한 경우,1,1,0,0
흉부외과,968 271-가,흉곽대혈관 질환 및 손상,2,2,0,0
흉부외과,968 271-나,흉곽대혈관 질환 및 손상,2,0,2,0
흉부외과,968 271-다,흉곽대혈관 질환 및 손상,1,0,0,1
흉부외과,968 271-라,흉곽대혈관 질환 및 손상,1,0,0,1
흉부외과,968 271-바,흉곽대혈관 질환 및 손상,6,0,6,0
성형외과,907 273-다-3)-가),연부조직결손,1,0,1,0
성형외과,907 274-나-2),각종 피부질환·화상·외상 등에 의한 추형,1,1,0,0
성형외과,907 274-다-2),각종 피부질환·화상·외상 등에 의한 추형,2,2,0,0
성형외과,907 274-다-3),각종 피부질환·화상·외상 등에 의한 추형,1,0,1,0
성형외과,950 273-나-2),연부조직결손,1,0,1,0
성형외과,950 273-다-2),연부조직결손,12,12,0,0
성형외과,950 273-다-3)-가),연부조직결손,5,0,5,0
성형외과,950 274-가-2),각종 피부질환·화상·외상 등에 의한 추형,11,11,0,0
성형외과,950 274-가-3)-가),각종 피부질환·화상·외상 등에 의한 추형,5,0,5,0
성형외과,950 274-가-3)-나),각종 피부질환·화상·외상 등에 의한 추형,1,0,0,1
성형외과,950 274-나-2),각종 피부질환·화상·외상 등에 의한 추형,38,38,0,0
성형외과,950 274-나-3),각종 피부질환·화상·외상 등에 의한 추형,3,0,0,3
성형외과,950 274-다-2),각종 피부질환·화상·외상 등에 의한 추형,22,22,0,0
성형외과,950 274-다-3),각종 피부질환·화상·외상 등에 의한 추형,3,0,3,0
성형외과,968 273-다-2),연부조직결손,1,1,0,0
성형외과,968 273-다-3)-가),연부조직결손,2,0,2,0
성형외과,968 274-가-2),각종 피부질환·화상·외상 등에 의한 추형,1,1,0,0
성형외과,968 274-가-3)-나),각종 피부질환·화상·외상 등에 의한 추형,1,0,0,1
성형외과,968 274-나-2),각종 피부질환·화상·외상 등에 의한 추형,11,11,0,0
성형외과,968 274-나-3),각종 피부질환·화상·외상 등에 의한 추형,1,0,0,1
성형외과,968 274-다-2),각종 피부질환·화상·외상 등에 의한 추형,2,2,0,0
안과,851 286-다-3),굴절이상,1,1,0,0
안과,872 286-나-4),굴절이상,1,1,0,0
안과,872 286-다-3),굴절이상,5,5,0,0
안과,907 276-나,망막박리,3,3,0,0
안과,907 276-다,망막박리,2,0,2,0
안과,907 278-나,야맹증,1,0,1,0
안과,907 280-나,포도막염,1,1,0,0
안과,907 283-다-1),녹내장,2,0,2,0
안과,907 283-라-2),녹내장,3,0,3,0
안과,907 284-가,비녹내장성 시야장애,2,2,0,0
안과,907 284-나,비녹내장성 시야장애,6,0,6,0
안과,907 285-가,시력장애,15,15,0,0
안과,907 285-나,시력장애,16,0,16,0
안과,907 285-다,시력장애,2,0,2,0
안과,907 286-가-4),굴절이상,21,21,0,0
안과,907 286-나-4),굴절이상,6,6,0,0
안과,907 286-다-3),굴절이상,27,27,0,0
안과,907 287-다,부동시,6,6,0,0
안과,907 290-가,각막이식,1,0,1,0
안과,907 303-나-4),사위 및 사시,3,3,0,0
안과,907 303-다-2),사위 및 사시,1,1,0,0
안과,907 304-나-1),안구운동장애,3,3,0,0
안과,907 304-나-2),안구운동장애,6,0,6,0
안과,907 309-나-1),무수정체안 또는 인공수정체안,1,1,0,0
안과,907 309-다,무수정체안 또는 인공수정체안,1,0,1,0
안과,907 310-나,안구진탕,4,4,0,0
안과,907 317-가,실명 또는 광각만 있는 경우,4,0,4,0
안과,950 276-나,망막박리,62,62,0,0
안과,950 276-다,망막박리,6,0,6,0
안과,950 276-라,망막박리,13,0,13,0
안과,950 276-마,망막박리,9,0,9,0
안과,950 277-다,망막변성,3,3,0,0
안과,950 277-라,망막변성,1,0,1,0
안과,950 278,망막 이영양증,27,0,27,0
안과,950 280-나,포도막염,7,7,0,0
안과,950 282-나-1),유리체 이상,1,0,1,0
안과,950 283-다,녹내장,16,0,16,0
안과,950 283-라-2),녹내장,21,0,21,0
안과,950 284-가,비녹내장성 시야장애,4,4,0,0
안과,950 284-나,비녹내장성 시야장애,2,0,2,0
안과,950 285-가,시력장애,107,107,0,0
안과,950 285-나,시력장애,50,0,50,0
안과,950 285-다,시력장애,9,0,9,0
안과,950 286-가-4),굴절이상,1376,1376,0,0
안과,950 286-나-4),굴절이상,241,241,0,0
안과,950 286-다-3),굴절이상,1074,1074,0,0
안과,950 287-다,부동시,180,180,0,0
안과,950 288-다,각막염 및 각막궤양,1,1,0,0
안과,950 290-가,각막이식,8,0,8,0
안과,950 290-나-2),각막이식,1,0,1,0
안과,950 291-가,원추각막,4,4,0,0
안과,950 297-나,비루관협착,1,1,0,0
안과,950 303-나-4),사위 및 사시,3,3,0,0
안과,950 303-다-2),사위 및 사시,10,10,0,0
안과,950 304-나-1),안구운동장애,7,7,0,0
안과,950 304-나-2),안구운동장애,1,0,1,0
안과,950 305-나-1),동공운동장애,1,1,0,0
안과,950 305-나-2),동공운동장애,3,3,0,0
안과,950 305-나-3),동공운동장애,2,0,2,0
안과,950 309-나-1),무수정체안 또는 인공수정체안,40,40,0,0
안과,950 309-다,무수정체안 또는 인공수정체안,46,0,46,0
안과,950 309-라,무수정체안 또는 인공수정체안,1,0,1,0
안과,950 310-나,안구진탕,40,40,0,0
안과,950 315-나,안과영역의 종양 또는 낭종,4,0,0,4
안과,950 316,무안구 또는 안구로,18,0,0,18
안과,950 317-가,실명 또는 광각만 있는 경우,92,0,92,0
안과,968 276-나,망막박리,10,10,0,0
안과,968 276-다,망막박리,3,0,3,0
안과,968 276-라,망막박리,3,0,3,0
안과,968 276-마,망막박리,5,0,5,0
안과,968 278,망막 이영양증,7,0,7,0
안과,968 280-나,포도막염,2,2,0,0
안과,968 283-다,녹내장,6,0,6,0
안과,968 283-라-2),녹내장,7,0,7,0
안과,968 284-가,비녹내장성 시야장애,3,3,0,0
안과,968 284-나,비녹내장성 시야장애,4,0,4,0
안과,968 285-가,시력장애,27,27,0,0
안과,968 285-나,시력장애,22,0,22,0
안과,968 285-다,시력장애,5,0,5,0
안과,968 286-가-4),굴절이상,294,294,0,0
안과,968 286-나-4),굴절이상,59,59,0,0
안과,968 286-다-3),굴절이상,277,277,0,0
안과,968 287-다,부동시,55,55,0,0
안과,968 290-가,각막이식,2,0,2,0
안과,968 291-가,원추각막,2,2,0,0
안과,968 294-나-1)-나),눈꺼풀처짐,1,1,0,0
안과,968 297-나,비루관협착,1,1,0,0
안과,968 303-나-4),사위 및 사시,4,4,0,0
안과,968 303-다-2),사위 및 사시,2,0,2,0
안과,968 304-나-1),안구운동장애,8,8,0,0
안과,968 304-나-2),안구운동장애,1,0,1,0
안과,968 305-나-3),동공운동장애,1,0,1,0
안과,968 309-나-1),무수정체안 또는 인공수정체안,7,7,0,0
안과,968 309-다,무수정체안 또는 인공수정체안,13,0,13,0
안과,968 309-라,무수정체안 또는 인공수정체안,4,0,4,0
안과,968 310-나,안구진탕,8,8,0,0
안과,968 315-나,안과영역의 종양 또는 낭종,2,0,0,2
안과,968 316,무안구 또는 안구로,8,0,0,8
안과,968 317-가,실명 또는 광각만 있는 경우,49,0,49,0
안과,968 317-나,실명 또는 광각만 있는 경우,1,0,0,1
이비인후과,872 323-나-5),중이염,1,1,0,0
이비인후과,872 331-라,부비동염,1,1,0,0
이비인후과,907 323-가-2),중이염,2,2,0,0
이비인후과,907 323-가-3)-가),중이염,2,2,0,0
이비인후과,907 323-가-3)-나),중이염,1,0,1,0
이비인후과,907 323-나-2)-나),중이염,1,1,0,0
이비인후과,907 323-라-1)-가),중이염,1,1,0,0
이비인후과,907 323-라-1)-나),중이염,1,0,1,0
이비인후과,907 324-가-3),청력장애,1,1,0,0
이비인후과,907 324-가-4),청력장애,3,0,3,0
이비인후과,907 324-가-5),청력장애,1,0,0,1
이비인후과,907 324-가-7)-나),청력장애,1,0,1,0
이비인후과,907 324-가-8),청력장애,2,0,0,2
이비인후과,907 324-나-2),청력장애,23,23,0,0
이비인후과,907 326-나-3),메니에르병,3,0,3,0
이비인후과,907 331-라,부비동염,1,1,0,0
이비인후과,907 335-나-2),안면신경마비,1,1,0,0
이비인후과,907 335-나-3),안면신경마비,1,0,1,0
이비인후과,907 341-라,만성후두염 및 후두의 기질적 변화 또는 기능적 장애,1,1,0,0
이비인후과,950 321-가-2),외이의 결손 또는 기형,15,15,0,0
이비인후과,950 321-가-3)-가),외이의 결손 또는 기형,67,0,67,0
이비인후과,950 321-가-3)-나),외이의 결손 또는 기형,5,0,0,5
이비인후과,950 321-나-1),외이의 결손 또는 기형,2,2,0,0
이비인후과,950 321-나-2)-가),외이의 결손 또는 기형,8,8,0,0
이비인후과,950 323-가-2),중이염,5,5,0,0
이비인후과,950 323-가-3)-가),중이염,35,35,0,0
이비인후과,950 323-가-4),중이염,1,0,1,0
이비인후과,950 323-나-2)-나),중이염,3,3,0,0
이비인후과,950 323-나-4),중이염,4,4,0,0
이비인후과,950 323-나-5),중이염,4,4,0,0
이비인후과,950 323-라-1)-가),중이염,17,17,0,0
이비인후과,950 323-라-1)-나),중이염,2,0,2,0
이비인후과,950 323-라-1)-다),중이염,2,0,2,0
이비인후과,950 323-바-2)-가),중이염,3,3,0,0
이비인후과,950 324-가-3),청력장애,20,20,0,0
이비인후과,950 324-가-4),청력장애,15,0,15,0
이비인후과,950 324-가-5),청력장애,8,0,0,8
이비인후과,950 324-가-6),청력장애,12,12,0,0
이비인후과,950 324-가-7)-가),청력장애,3,3,0,0
이비인후과,950 324-가-7)-나),청력장애,4,0,4,0
이비인후과,950 324-가-8),청력장애,7,0,0,7
이비인후과,950 324-나-2),청력장애,259,259,0,0
이비인후과,950 325-나-1),전정기능 장애,7,7,0,0
이비인후과,950 325-나-2),전정기능 장애,1,0,1,0
이비인후과,950 326-나-2),메니에르병,2,2,0,0
이비인후과,950 328-나-1),외비공협착 또는 폐쇄,1,1,0,0
이비인후과,950 329-다-2),비폐색,5,5,0,0
이비인후과,950 331-다,부비동염,3,3,0,0
이비인후과,950 331-라,부비동염,17,17,0,0
이비인후과,950 332-가,비인강 섬유혈관종 및 반전성 유두종,3,3,0,0
이비인후과,950 332-나,비인강 섬유혈관종 및 반전성 유두종,1,0,1,0
이비인후과,950 334-가-2),종양 또는 낭종,5,5,0,0
이비인후과,950 334-가-3),종양 또는 낭종,2,0,2,0
이비인후과,950 334-나,종양 또는 낭종,11,0,0,11
이비인후과,950 335-나-2),안면신경마비,5,5,0,0
이비인후과,950 335-나-3),안면신경마비,1,0,1,0
이비인후과,950 341-다,만성후두염 및 후두의 기질적 변화 또는 기능적 장애,3,3,0,0
이비인후과,950 341-라,만성후두염 및 후두의 기질적 변화 또는 기능적 장애,2,2,0,0
이비인후과,950 343-나-1)-가),성대마비,2,2,0,0
이비인후과,950 343-나-2),성대마비,1,0,0,1
이비인후과,950 344-라,기관절개술을 한 경우,1,0,1,0
이비인후과,968 321-가-2),외이의 결손 또는 기형,4,4,0,0
이비인후과,968 321-가-3)-가),외이의 결손 또는 기형,23,0,23,0
이비인후과,968 323-가-2),중이염,1,1,0,0
이비인후과,968 323-가-3)-가),중이염,12,12,0,0
이비인후과,968 323-나-2)-나),중이염,3,3,0,0
이비인후과,968 323-나-4),중이염,1,1,0,0
이비인후과,968 323-라-1)-가),중이염,9,9,0,0
이비인후과,968 323-라-1)-나),중이염,3,0,3,0
이비인후과,968 324-가-3),청력장애,11,11,0,0
이비인후과,968 324-가-4),청력장애,9,0,9,0
이비인후과,968 324-가-5),청력장애,7,0,0,7
이비인후과,968 324-가-6),청력장애,4,4,0,0
이비인후과,968 324-가-7),청력장애,7,0,7,0
이비인후과,968 324-가-8),청력장애,10,0,0,10
이비인후과,968 324-나-2),청력장애,117,117,0,0
이비인후과,968 325-나-1),전정기능 장애,1,1,0,0
이비인후과,968 328-나-1),외비공협착 또는 폐쇄,1,1,0,0
이비인후과,968 329-다-2),비폐색,2,2,0,0
이비인후과,968 331-다,부비동염,1,1,0,0
이비인후과,968 331-라,부비동염,3,3,0,0
이비인후과,968 334-나,종양 또는 낭종,2,0,0,2
이비인후과,968 335-나-2),안면신경마비,1,1,0,0
이비인후과,968 335-나-3),안면신경마비,2,0,2,0
이비인후과,968 341-다,만성후두염 및 후두의 기질적 변화 또는 기능적 장애,2,2,0,0
이비인후과,968 341-마,만성후두염 및 후두의 기질적 변화 또는 기능적 장애,1,0,1,0
이비인후과,968 343-나-1)-가),성대마비,2,2,0,0
비뇨기과,907 352-나,비뇨생식기계 종양,2,0,0,2
비뇨기과,907 355-가-2)-나),폐색성 요로병증,1,1,0,0
비뇨기과,907 355-가-3),폐색성 요로병증,1,0,1,0
비뇨기과,907 362-다,신경인성 방광 또는 과민성 방광,2,2,0,0
비뇨기과,907 362-마,신경인성 방광 또는 과민성 방광,4,0,0,4
비뇨기과,907 383-나,생식기계 이상,1,0,1,0
비뇨기과,907 384-가,고환결손 또는 위축,5,5,0,0
비뇨기과,907 384-나,고환결손 또는 위축,1,0,1,0
비뇨기과,907 385-가-2),신결손 또는 위축신,1,1,0,0
비뇨기과,907 385-가-3),신결손 또는 위축신,6,0,6,0
비뇨기과,907 386-라,낭종성신,1,0,0,1
비뇨기과,950 352-나,비뇨생식기계 종양,15,0,0,15
비뇨기과,950 355-가-2)-나),폐색성 요로병증,7,7,0,0
비뇨기과,950 355-가-3),폐색성 요로병증,5,0,5,0
비뇨기과,950 355-나-2),폐색성 요로병증,1,1,0,0
비뇨기과,950 356-라,요석,1,1,0,0
비뇨기과,950 362-다,신경인성 방광 또는 과민성 방광,7,7,0,0
비뇨기과,950 362-라,신경인성 방광 또는 과민성 방광,6,0,0,6
비뇨기과,950 363-다,요도협착,3,0,3,0
비뇨기과,950 365-다-1),육안적 혈뇨,1,1,0,0
비뇨기과,950 382-나-2),요도상열 또는 하열,2,2,0,0
비뇨기과,950 383-가,생식기계 이상,3,3,0,0
비뇨기과,950 384-가,고환결손 또는 위축,273,0,273,0
비뇨기과,950 384-나,고환결손 또는 위축,17,0,0,17
비뇨기과,950 385-가-2),신결손 또는 위축신,4,4,0,0
비뇨기과,950 385-가-3),신결손 또는 위축신,153,0,153,0
비뇨기과,950 385-나-2),신결손 또는 위축신,2,0,2,0
비뇨기과,950 386-라,낭종성신,13,0,0,13
비뇨기과,950 389-나,마제신,1,0,1,0
비뇨기과,968 352-나,비뇨생식기계 종양,3,0,0,3
비뇨기과,968 355-가-2)-나),폐색성 요로병증,2,2,0,0
비뇨기과,968 355-가-3),폐색성 요로병증,1,0,1,0
비뇨기과,968 356-나,요석,1,0,1,0
비뇨기과,968 360-나,간질성 방광염,2,0,2,0
비뇨기과,968 362-다,신경인성 방광 또는 과민성 방광,4,4,0,0
비뇨기과,968 363-다,요도협착,2,0,2,0
비뇨기과,968 382-나-3),요도상열 또는 하열,3,0,3,0
비뇨기과,968 383-나,생식기계 이상,1,0,1,0
비뇨기과,968 384-가,고환결손 또는 위축,89,0,89,0
비뇨기과,968 384-나,고환결손 또는 위축,11,0,0,11
비뇨기과,968 385-가-2),신결손 또는 위축신,1,1,0,0
비뇨기과,968 385-가-3),신결손 또는 위축신,28,0,28,0
비뇨기과,968 386-라,낭종성신,17,0,0,17
치과,872 399-가-2)-나),턱관절장애,1,1,0,0
치과,907 399-가-2)-나),턱관절장애,1,1,0,0
치과,907 400-가-2),구개루(지름5mm이상)및 구개열,1,1,0,0
치과,907 400-나-2),구개루(지름5mm이상)및 구개열,1,0,1,0
치과,907 401-나,구순열로 인한 안면부 추형 또는 반흔,3,3,0,0
치과,907 402-나-3)-라)-1),악골결손,1,1,0,0
치과,907 405-나-2),혀 및 그 주위조직질환,1,0,1,0
치과,907 408-다-1),부정교합,3,3,0,0
치과,907 410-라,치아의 저작기능 평가,4,4,0,0
치과,907 410-마,치아의 저작기능 평가,1,0,1,0
치과,950 400-가-2),구개루(지름5mm이상)및 구개열,21,21,0,0
치과,950 400-나-1)-나),구개루(지름5mm이상)및 구개열,5,5,0,0
치과,950 400-나-1)-다),구개루(지름5mm이상)및 구개열,13,0,13,0
치과,950 400-나-2),구개루(지름5mm이상)및 구개열,2,0,2,0
치과,950 401-나,구순열로 인한 안면부 추형 또는 반흔,61,61,0,0
치과,950 402-나-3)-가),악골결손,1,0,1,0
치과,950 404-가-2),구강내종양 및 낭종,1,1,0,0
치과,950 404-가-3),구강내종양 및 낭종,1,0,0,1
치과,950 404-나,구강내종양 및 낭종,3,0,0,3
치과,950 408-다-1),부정교합,23,23,0,0
치과,950 410-라,치아의 저작기능 평가,29,29,0,0
치과,950 410-마,치아의 저작기능 평가,1,0,1,0
치과,968 400-가-2),구개루(지름5mm이상)및 구개열,4,4,0,0
치과,968 400-나-1)-나),구개루(지름5mm이상)및 구개열,1,1,0,0
치과,968 400-나-1)-다),구개루(지름5mm이상)및 구개열,4,0,4,0
치과,968 400-나-2),구개루(지름5mm이상)및 구개열,2,0,2,0
치과,968 401-나,구순열로 인한 안면부 추형 또는 반흔,19,19,0,0
치과,968 404-가-2),구강내종양 및 낭종,1,1,0,0
치과,968 404-나,구강내종양 및 낭종,1,0,0,1
치과,968 408-다-1),부정교합,2,2,0,0
치과,968 408-다-2),부정교합,1,0,1,0
치과,968 410-라,치아의 저작기능 평가,6,6,0,0
신장체중,872 999,신장체중,36,36,0,0
신장체중,907 999,신장체중,1522,1522,0,0
신장체중,950 995,신장체중,80,0,80,0
신장체중,950 996,신장체중,7,0,0,7
신장체중,950 999,신장체중,11851,11851,0,0
신장체중,968 995,신장체중,48,0,48,0
신장체중,968 996,신장체중,7,0,0,7
신장체중,968 999,신장체중,5499,5499,0,0
